manga_name,manga_slug,chapter_number,panel_count,expected_count,status,timestamp,error,cloudinary_folder
Dandadan,dandadan,1,65,65,success,2025-10-31T14:09:41.363757,,manga/dandadan/chapter-001
Dandadan,dandadan,2,52,52,success,2025-10-31T14:12:00.984481,,manga/dandadan/chapter-002
Dandadan,dandadan,3,40,40,success,2025-10-31T14:13:56.501996,,manga/dandadan/chapter-003
Dandadan,dandadan,4,20,20,success,2025-10-31T14:14:46.898993,,manga/dandadan/chapter-004
Dandadan,dandadan,5,25,25,success,2025-10-31T14:15:55.406688,,manga/dandadan/chapter-005
Dandadan,dandadan,6,21,21,success,2025-10-31T14:17:00.636364,,manga/dandadan/chapter-006
Dandadan,dandadan,7,19,19,success,2025-10-31T14:17:47.981351,,manga/dandadan/chapter-007
Dandadan,dandadan,8,19,19,success,2025-10-31T14:18:37.704307,,manga/dandadan/chapter-008
Dandadan,dandadan,9,20,20,success,2025-10-31T14:19:27.469227,,manga/dandadan/chapter-009
Dandadan,dandadan,10,19,19,success,2025-10-31T14:20:23.893393,,manga/dandadan/chapter-010
Dandadan,dandadan,11,19,19,success,2025-10-31T14:21:15.251649,,manga/dandadan/chapter-011
Dandadan,dandadan,12,19,19,success,2025-10-31T14:22:07.182000,,manga/dandadan/chapter-012
Dandadan,dandadan,13,21,21,success,2025-10-31T14:23:07.777628,,manga/dandadan/chapter-013
Dandadan,dandadan,14,21,21,success,2025-10-31T14:24:04.189396,,manga/dandadan/chapter-014
Dandadan,dandadan,15,18,18,success,2025-10-31T14:24:58.193888,,manga/dandadan/chapter-015
Dandadan,dandadan,16,21,21,success,2025-10-31T14:25:55.126125,,manga/dandadan/chapter-016
Dandadan,dandadan,17,21,21,success,2025-10-31T14:26:50.541574,,manga/dandadan/chapter-017
Dandadan,dandadan,18,19,19,success,2025-10-31T14:27:39.511292,,manga/dandadan/chapter-018
Dandadan,dandadan,19,20,20,success,2025-10-31T14:28:28.976024,,manga/dandadan/chapter-019
Dandadan,dandadan,20,18,18,success,2025-10-31T14:29:12.741527,,manga/dandadan/chapter-020
Dandadan,dandadan,21,18,18,success,2025-10-31T14:30:00.896920,,manga/dandadan/chapter-021
Dandadan,dandadan,22,18,18,success,2025-10-31T14:30:46.494721,,manga/dandadan/chapter-022
Dandadan,dandadan,23,23,23,success,2025-10-31T14:31:41.049681,,manga/dandadan/chapter-023
Dandadan,dandadan,24,24,24,success,2025-10-31T14:32:50.091830,,manga/dandadan/chapter-024
Dandadan,dandadan,25,18,18,success,2025-10-31T14:33:35.731046,,manga/dandadan/chapter-025
Dandadan,dandadan,26,19,19,success,2025-10-31T14:34:31.877828,,manga/dandadan/chapter-026
Dandadan,dandadan,27,22,22,success,2025-10-31T14:35:26.790012,,manga/dandadan/chapter-027
Dandadan,dandadan,28,19,19,success,2025-10-31T14:36:31.788876,,manga/dandadan/chapter-028
Dandadan,dandadan,29,19,19,success,2025-10-31T14:39:37.858920,,manga/dandadan/chapter-029
Dandadan,dandadan,30,18,18,success,2025-10-31T14:40:30.777564,,manga/dandadan/chapter-030
Dandadan,dandadan,31,21,21,success,2025-11-01T16:32:53.632894,,manga/dandadan/chapter-031
Dandadan,dandadan,32,19,19,success,2025-11-01T16:33:58.781050,,manga/dandadan/chapter-032
Dandadan,dandadan,33,20,20,success,2025-11-01T16:35:59.086877,,manga/dandadan/chapter-033
Dandadan,dandadan,34,19,19,success,2025-11-01T16:37:11.567963,,manga/dandadan/chapter-034
Dandadan,dandadan,35,19,19,success,2025-11-01T16:38:33.331774,,manga/dandadan/chapter-035
Dandadan,dandadan,36,19,19,success,2025-11-01T16:40:10.974811,,manga/dandadan/chapter-036
Dandadan,dandadan,37,17,17,success,2025-11-01T16:41:41.016339,,manga/dandadan/chapter-037
Dandadan,dandadan,38,20,20,success,2025-11-01T16:43:15.353526,,manga/dandadan/chapter-038
Dandadan,dandadan,39,19,19,success,2025-11-01T16:44:40.772606,,manga/dandadan/chapter-039
Dandadan,dandadan,40,25,25,success,2025-11-01T16:46:23.462204,,manga/dandadan/chapter-040
Dandadan,dandadan,41,16,16,success,2025-11-01T16:47:43.353433,,manga/dandadan/chapter-041
Dandadan,dandadan,42,19,19,success,2025-11-01T16:48:43.221077,,manga/dandadan/chapter-042
Dandadan,dandadan,43,20,20,success,2025-11-01T22:02:30.465581,,manga/dandadan/chapter-043
Dandadan,dandadan,44,19,19,success,2025-11-01T16:52:26.182681,,manga/dandadan/chapter-044
Dandadan,dandadan,45,19,19,success,2025-11-01T16:53:50.918627,,manga/dandadan/chapter-045
Dandadan,dandadan,46,19,19,success,2025-11-01T16:55:00.242985,,manga/dandadan/chapter-046
Dandadan,dandadan,47,21,21,success,2025-11-01T16:55:56.582385,,manga/dandadan/chapter-047
Dandadan,dandadan,48,19,19,success,2025-11-01T16:56:51.240291,,manga/dandadan/chapter-048
Dandadan,dandadan,49,17,17,success,2025-11-01T16:58:04.539293,,manga/dandadan/chapter-049
Dandadan,dandadan,50,20,20,success,2025-11-01T16:58:51.828136,,manga/dandadan/chapter-050
Dandadan,dandadan,51,19,19,success,2025-11-01T16:59:47.049887,,manga/dandadan/chapter-051
Dandadan,dandadan,52,19,19,success,2025-11-01T17:00:48.699151,,manga/dandadan/chapter-052
Dandadan,dandadan,53,20,20,success,2025-11-01T17:01:49.260753,,manga/dandadan/chapter-053
Dandadan,dandadan,54,19,19,success,2025-11-01T17:02:48.841389,,manga/dandadan/chapter-054
Dandadan,dandadan,55,20,20,success,2025-11-01T17:04:04.027920,,manga/dandadan/chapter-055
Dandadan,dandadan,56,21,21,success,2025-11-01T17:05:28.753125,,manga/dandadan/chapter-056
Dandadan,dandadan,57,19,19,success,2025-11-01T17:06:42.383402,,manga/dandadan/chapter-057
Dandadan,dandadan,58,19,19,success,2025-11-01T17:07:50.049058,,manga/dandadan/chapter-058
Dandadan,dandadan,59,19,19,success,2025-11-01T17:08:50.051482,,manga/dandadan/chapter-059
Dandadan,dandadan,60,19,19,success,2025-11-01T17:10:09.871907,,manga/dandadan/chapter-060
Dandadan,dandadan,61,21,21,success,2025-11-01T17:11:09.645212,,manga/dandadan/chapter-061
Dandadan,dandadan,62,18,18,success,2025-11-01T17:12:40.918490,,manga/dandadan/chapter-062
Dandadan,dandadan,63,19,19,success,2025-11-01T17:13:35.519720,,manga/dandadan/chapter-063
Dandadan,dandadan,64,20,20,success,2025-11-01T17:15:07.531455,,manga/dandadan/chapter-064
Dandadan,dandadan,65,19,19,success,2025-11-01T17:16:23.149135,,manga/dandadan/chapter-065
Dandadan,dandadan,66,20,20,success,2025-11-01T17:17:22.723169,,manga/dandadan/chapter-066
Dandadan,dandadan,67,19,19,success,2025-11-01T17:18:30.800974,,manga/dandadan/chapter-067
Dandadan,dandadan,68,16,16,success,2025-11-01T17:19:51.223656,,manga/dandadan/chapter-068
Dandadan,dandadan,69,19,19,success,2025-11-01T17:20:46.869670,,manga/dandadan/chapter-069
Dandadan,dandadan,70,20,20,success,2025-11-01T17:22:13.474368,,manga/dandadan/chapter-070
Dandadan,dandadan,71,19,19,success,2025-11-01T17:23:10.183317,,manga/dandadan/chapter-071
Dandadan,dandadan,72,20,20,success,2025-11-01T17:24:17.799027,,manga/dandadan/chapter-072
Dandadan,dandadan,73,18,18,success,2025-11-01T17:25:22.996516,,manga/dandadan/chapter-073
Dandadan,dandadan,74,18,18,success,2025-11-01T17:26:25.057271,,manga/dandadan/chapter-074
Dandadan,dandadan,75,18,18,success,2025-11-01T17:27:39.377817,,manga/dandadan/chapter-075
Dandadan,dandadan,76,19,19,success,2025-11-01T17:28:49.510693,,manga/dandadan/chapter-076
Dandadan,dandadan,77,19,19,success,2025-11-01T17:30:09.775696,,manga/dandadan/chapter-077
Dandadan,dandadan,78,19,19,success,2025-11-01T17:31:31.856053,,manga/dandadan/chapter-078
Dandadan,dandadan,79,24,24,success,2025-11-01T17:33:07.051292,,manga/dandadan/chapter-079
Dandadan,dandadan,80,20,20,success,2025-11-01T17:34:23.047068,,manga/dandadan/chapter-080
Dandadan,dandadan,81,18,18,success,2025-11-01T17:35:52.678322,,manga/dandadan/chapter-081
Dandadan,dandadan,82,17,17,success,2025-11-01T17:37:08.204834,,manga/dandadan/chapter-082
Dandadan,dandadan,83,18,18,success,2025-11-01T17:38:29.583137,,manga/dandadan/chapter-083
Dandadan,dandadan,84,18,18,success,2025-11-01T17:39:34.817784,,manga/dandadan/chapter-084
Dandadan,dandadan,85,17,17,success,2025-11-01T17:40:46.622802,,manga/dandadan/chapter-085
Dandadan,dandadan,86,19,19,success,2025-11-01T17:42:10.567552,,manga/dandadan/chapter-086
Dandadan,dandadan,87,18,18,success,2025-11-01T17:43:21.165494,,manga/dandadan/chapter-087
Dandadan,dandadan,88,19,19,success,2025-11-01T17:44:37.200693,,manga/dandadan/chapter-088
Dandadan,dandadan,89,21,21,success,2025-11-01T17:45:57.694197,,manga/dandadan/chapter-089
Dandadan,dandadan,90,19,19,success,2025-11-01T17:47:28.078041,,manga/dandadan/chapter-090
Dandadan,dandadan,91,17,17,success,2025-11-01T17:48:36.257459,,manga/dandadan/chapter-091
Dandadan,dandadan,92,20,20,success,2025-11-01T17:49:50.235213,,manga/dandadan/chapter-092
Dandadan,dandadan,93,18,18,success,2025-11-01T17:51:02.146587,,manga/dandadan/chapter-093
Dandadan,dandadan,94,19,19,success,2025-11-01T17:52:11.787434,,manga/dandadan/chapter-094
Dandadan,dandadan,95,19,19,success,2025-11-01T17:53:29.640460,,manga/dandadan/chapter-095
Dandadan,dandadan,96,19,19,success,2025-11-01T17:54:46.103295,,manga/dandadan/chapter-096
Dandadan,dandadan,97,18,18,success,2025-11-01T17:56:14.762241,,manga/dandadan/chapter-097
Dandadan,dandadan,98,20,20,success,2025-11-01T17:57:42.527302,,manga/dandadan/chapter-098
Dandadan,dandadan,99,20,20,success,2025-11-01T17:59:09.223868,,manga/dandadan/chapter-099
Dandadan,dandadan,100,19,19,success,2025-11-01T18:00:31.633998,,manga/dandadan/chapter-100
Dandadan,dandadan,101,22,22,success,2025-11-01T18:01:39.577101,,manga/dandadan/chapter-101
Dandadan,dandadan,102,20,20,success,2025-11-01T18:03:14.979162,,manga/dandadan/chapter-102
Dandadan,dandadan,103,19,19,success,2025-11-01T18:05:12.920477,,manga/dandadan/chapter-103
Dandadan,dandadan,104,20,20,success,2025-11-01T18:07:02.141729,,manga/dandadan/chapter-104
Dandadan,dandadan,105,21,21,success,2025-11-01T18:08:49.554071,,manga/dandadan/chapter-105
Dandadan,dandadan,106,22,22,success,2025-11-01T18:10:29.777229,,manga/dandadan/chapter-106
Dandadan,dandadan,107,18,18,success,2025-11-01T18:12:05.293986,,manga/dandadan/chapter-107
Dandadan,dandadan,108,20,20,success,2025-11-01T18:14:00.462592,,manga/dandadan/chapter-108
Dandadan,dandadan,109,19,19,success,2025-11-01T18:15:16.118744,,manga/dandadan/chapter-109
Dandadan,dandadan,110,18,18,success,2025-11-01T18:16:33.330517,,manga/dandadan/chapter-110
Dandadan,dandadan,111,19,19,success,2025-11-01T18:18:19.184510,,manga/dandadan/chapter-111
Dandadan,dandadan,112,17,17,success,2025-11-01T18:19:33.777500,,manga/dandadan/chapter-112
Dandadan,dandadan,113,19,19,success,2025-11-01T18:20:59.706741,,manga/dandadan/chapter-113
Dandadan,dandadan,114,18,18,success,2025-11-01T18:22:16.921269,,manga/dandadan/chapter-114
Dandadan,dandadan,115,16,16,success,2025-11-01T18:23:18.951581,,manga/dandadan/chapter-115
Dandadan,dandadan,116,22,22,success,2025-11-01T18:25:17.575895,,manga/dandadan/chapter-116
Dandadan,dandadan,117,17,17,success,2025-11-01T18:26:39.322519,,manga/dandadan/chapter-117
Dandadan,dandadan,118,17,17,success,2025-11-01T18:28:02.665542,,manga/dandadan/chapter-118
Dandadan,dandadan,119,18,18,success,2025-11-01T18:29:41.566819,,manga/dandadan/chapter-119
Dandadan,dandadan,120,21,21,success,2025-11-01T18:30:49.116012,,manga/dandadan/chapter-120
Dandadan,dandadan,121,19,19,success,2025-11-01T18:32:15.003376,,manga/dandadan/chapter-121
Dandadan,dandadan,122,19,19,success,2025-11-01T18:33:11.083662,,manga/dandadan/chapter-122
Dandadan,dandadan,123,19,19,success,2025-11-01T18:34:12.630603,,manga/dandadan/chapter-123
Dandadan,dandadan,124,21,21,success,2025-11-01T18:36:20.237973,,manga/dandadan/chapter-124
Dandadan,dandadan,125,17,17,success,2025-11-01T18:37:34.930440,,manga/dandadan/chapter-125
Dandadan,dandadan,126,19,19,success,2025-11-01T18:39:01.885835,,manga/dandadan/chapter-126
Dandadan,dandadan,127,16,16,success,2025-11-01T18:40:06.149303,,manga/dandadan/chapter-127
Dandadan,dandadan,128,21,21,success,2025-11-01T18:42:46.863633,,manga/dandadan/chapter-128
Dandadan,dandadan,129,18,18,success,2025-11-01T18:43:45.393415,,manga/dandadan/chapter-129
Dandadan,dandadan,130,19,19,success,2025-11-01T18:45:01.715260,,manga/dandadan/chapter-130
Dandadan,dandadan,131,19,19,success,2025-11-01T18:46:22.634164,,manga/dandadan/chapter-131
Dandadan,dandadan,132,18,18,success,2025-11-01T18:47:42.122439,,manga/dandadan/chapter-132
Dandadan,dandadan,133,19,19,success,2025-11-01T18:49:13.131477,,manga/dandadan/chapter-133
Dandadan,dandadan,134,19,19,success,2025-11-01T18:50:14.913015,,manga/dandadan/chapter-134
Dandadan,dandadan,135,17,17,success,2025-11-01T18:51:29.477135,,manga/dandadan/chapter-135
Dandadan,dandadan,136,17,17,success,2025-11-01T18:52:43.516663,,manga/dandadan/chapter-136
Dandadan,dandadan,137,18,18,success,2025-11-01T18:53:53.782780,,manga/dandadan/chapter-137
Dandadan,dandadan,138,18,18,success,2025-11-01T18:55:09.587404,,manga/dandadan/chapter-138
Dandadan,dandadan,139,18,18,success,2025-11-01T22:03:43.080715,,manga/dandadan/chapter-139
Dandadan,dandadan,140,19,19,success,2025-11-01T18:58:41.399262,,manga/dandadan/chapter-140
Dandadan,dandadan,141,17,17,success,2025-11-01T18:59:56.809803,,manga/dandadan/chapter-141
Dandadan,dandadan,142,19,19,success,2025-11-01T19:01:07.476969,,manga/dandadan/chapter-142
Dandadan,dandadan,143,19,19,success,2025-11-01T19:02:09.037000,,manga/dandadan/chapter-143
Dandadan,dandadan,144,19,19,success,2025-11-01T19:04:03.982013,,manga/dandadan/chapter-144
Dandadan,dandadan,145,19,19,success,2025-11-01T19:05:18.316555,,manga/dandadan/chapter-145
Dandadan,dandadan,146,19,19,success,2025-11-01T19:07:17.046314,,manga/dandadan/chapter-146
Dandadan,dandadan,147,19,19,success,2025-11-01T19:09:22.928153,,manga/dandadan/chapter-147
Dandadan,dandadan,148,19,19,success,2025-11-01T19:11:05.251177,,manga/dandadan/chapter-148
Dandadan,dandadan,149,19,19,success,2025-11-01T19:12:58.521111,,manga/dandadan/chapter-149
Dandadan,dandadan,150,19,19,success,2025-11-01T19:14:01.725625,,manga/dandadan/chapter-150
Dandadan,dandadan,151,20,20,success,2025-11-01T19:15:28.741643,,manga/dandadan/chapter-151
Dandadan,dandadan,152,20,20,success,2025-11-01T19:16:52.671018,,manga/dandadan/chapter-152
Dandadan,dandadan,153,19,19,success,2025-11-01T19:18:30.548639,,manga/dandadan/chapter-153
Dandadan,dandadan,154,19,19,success,2025-11-01T19:20:19.226577,,manga/dandadan/chapter-154
Dandadan,dandadan,155,20,20,success,2025-11-01T19:22:02.897164,,manga/dandadan/chapter-155
Dandadan,dandadan,156,22,22,success,2025-11-01T19:24:03.477003,,manga/dandadan/chapter-156
Dandadan,dandadan,157,21,21,success,2025-11-01T19:25:31.499755,,manga/dandadan/chapter-157
Dandadan,dandadan,158,20,20,success,2025-11-01T19:27:09.427851,,manga/dandadan/chapter-158
Dandadan,dandadan,159,25,25,success,2025-11-01T19:28:36.055264,,manga/dandadan/chapter-159
Dandadan,dandadan,160,20,20,success,2025-11-01T19:30:10.651144,,manga/dandadan/chapter-160
Dandadan,dandadan,161,19,19,success,2025-11-01T19:32:03.881670,,manga/dandadan/chapter-161
Dandadan,dandadan,162,21,21,success,2025-11-01T19:33:32.752473,,manga/dandadan/chapter-162
Dandadan,dandadan,163,23,23,success,2025-11-01T19:35:47.838574,,manga/dandadan/chapter-163
Dandadan,dandadan,164,20,20,success,2025-11-01T19:37:11.727376,,manga/dandadan/chapter-164
Dandadan,dandadan,165,22,22,success,2025-11-01T19:38:46.785634,,manga/dandadan/chapter-165
Dandadan,dandadan,166,19,19,success,2025-11-01T19:40:10.696995,,manga/dandadan/chapter-166
Dandadan,dandadan,167,19,19,success,2025-11-01T19:41:41.189460,,manga/dandadan/chapter-167
Dandadan,dandadan,168,19,19,success,2025-11-01T19:43:19.247016,,manga/dandadan/chapter-168
Dandadan,dandadan,169,19,19,success,2025-11-01T19:44:17.356609,,manga/dandadan/chapter-169
Dandadan,dandadan,170,20,20,success,2025-11-01T19:45:51.690871,,manga/dandadan/chapter-170
Dandadan,dandadan,171,19,19,success,2025-11-01T19:47:36.488597,,manga/dandadan/chapter-171
Dandadan,dandadan,172,19,19,success,2025-11-01T19:49:14.252176,,manga/dandadan/chapter-172
Dandadan,dandadan,173,19,19,success,2025-11-01T19:50:38.842638,,manga/dandadan/chapter-173
Dandadan,dandadan,174,19,19,success,2025-11-01T19:52:14.146539,,manga/dandadan/chapter-174
Dandadan,dandadan,175,19,19,success,2025-11-01T19:53:37.662209,,manga/dandadan/chapter-175
Dandadan,dandadan,176,19,19,success,2025-11-01T19:54:47.601842,,manga/dandadan/chapter-176
Dandadan,dandadan,177,21,21,success,2025-11-01T19:55:57.019144,,manga/dandadan/chapter-177
Dandadan,dandadan,178,23,23,success,2025-10-31T16:26:11.625843,,manga/dandadan/chapter-178
Dandadan,dandadan,179,19,19,success,2025-10-31T16:27:14.023138,,manga/dandadan/chapter-179
Dandadan,dandadan,180,20,20,success,2025-10-31T16:28:23.647476,,manga/dandadan/chapter-180
Dandadan,dandadan,181,19,19,success,2025-10-31T16:29:55.495273,,manga/dandadan/chapter-181
Dandadan,dandadan,182,20,20,success,2025-10-31T16:31:41.353186,,manga/dandadan/chapter-182
Dandadan,dandadan,183,19,19,success,2025-11-01T20:04:30.073128,,manga/dandadan/chapter-183
Dandadan,dandadan,184,20,20,success,2025-11-01T20:06:08.683471,,manga/dandadan/chapter-184
Dandadan,dandadan,185,20,20,success,2025-11-01T20:07:39.464371,,manga/dandadan/chapter-185
Dandadan,dandadan,186,25,25,success,2025-11-01T20:10:40.770405,,manga/dandadan/chapter-186
Dandadan,dandadan,187,23,23,success,2025-11-01T20:13:52.081210,,manga/dandadan/chapter-187
Dandadan,dandadan,188,18,18,success,2025-11-01T20:16:00.425157,,manga/dandadan/chapter-188
Dandadan,dandadan,189,19,19,success,2025-11-01T20:17:42.624091,,manga/dandadan/chapter-189
Dandadan,dandadan,190,19,19,success,2025-11-01T20:19:16.762056,,manga/dandadan/chapter-190
Dandadan,dandadan,191,19,19,success,2025-11-01T20:21:02.131082,,manga/dandadan/chapter-191
Dandadan,dandadan,192,19,19,success,2025-11-01T20:22:11.636426,,manga/dandadan/chapter-192
Dandadan,dandadan,193,19,19,success,2025-11-01T20:23:18.805317,,manga/dandadan/chapter-193
Dandadan,dandadan,194,21,21,success,2025-11-01T20:25:21.181324,,manga/dandadan/chapter-194
Dandadan,dandadan,195,20,20,success,2025-11-01T20:27:06.674669,,manga/dandadan/chapter-195
Dandadan,dandadan,196,19,19,success,2025-11-01T20:29:25.514692,,manga/dandadan/chapter-196
Dandadan,dandadan,197,21,21,success,2025-11-01T20:31:48.048232,,manga/dandadan/chapter-197
Dandadan,dandadan,198,25,25,success,2025-11-01T20:35:10.220505,,manga/dandadan/chapter-198
Dandadan,dandadan,199,23,23,success,2025-11-01T20:37:23.057443,,manga/dandadan/chapter-199
Dandadan,dandadan,200,19,19,success,2025-11-01T20:38:42.567108,,manga/dandadan/chapter-200
Dandadan,dandadan,201,19,19,success,2025-11-01T20:40:29.962557,,manga/dandadan/chapter-201
Dandadan,dandadan,202,19,19,success,2025-11-01T20:42:25.491946,,manga/dandadan/chapter-202
Dandadan,dandadan,203,22,22,success,2025-11-01T20:44:41.560179,,manga/dandadan/chapter-203
Dandadan,dandadan,204,19,19,success,2025-11-01T20:46:55.562420,,manga/dandadan/chapter-204
Dandadan,dandadan,205,19,19,success,2025-11-01T20:48:50.205866,,manga/dandadan/chapter-205
Dandadan,dandadan,206,19,19,success,2025-11-01T20:50:42.039374,,manga/dandadan/chapter-206
Dandadan,dandadan,207,19,19,success,2025-11-01T20:52:33.749176,,manga/dandadan/chapter-207
Dandadan,dandadan,208,19,19,success,2025-11-01T20:55:08.988707,,manga/dandadan/chapter-208
Dandadan,dandadan,209,22,22,success,2025-11-01T20:56:52.721794,,manga/dandadan/chapter-209
Dandadan,dandadan,210,19,19,success,2025-11-01T20:58:23.736683,,manga/dandadan/chapter-210
Dandadan,dandadan,211,19,19,success,2025-11-01T20:59:49.291702,,manga/dandadan/chapter-211
Dandadan,dandadan,212,20,20,success,2025-11-01T21:01:03.466055,,manga/dandadan/chapter-212
Dandadan,dandadan,213,20,20,success,2025-11-01T21:02:17.055980,,manga/dandadan/chapter-213
Dandadan,dandadan,214,20,20,success,2025-11-01T21:03:39.729144,,manga/dandadan/chapter-214
Dandadan,dandadan,215,21,21,success,2025-11-01T21:05:25.328549,,manga/dandadan/chapter-215
