manga_name,manga_slug,chapter_number,panel_count,expected_count,status,timestamp,error
Demon Slayer,one-piece,1,54,54,success,2025-10-28T19:46:09.037489,
Demon Slayer,one-piece,2,23,23,success,2025-10-28T19:47:22.899661,
Solo Leveling Manhwa,solo-leveling-manhwa,1,15,15,success,2025-10-22T20:40:07.461640,
Solo Leveling Manhwa,solo-leveling-manhwa,2,13,13,success,2025-10-22T20:41:10.344324,
Solo Leveling Manhwa,solo-leveling-manhwa,3,15,15,success,2025-10-22T20:42:25.857649,
Solo Leveling Manhwa,solo-leveling-manhwa,4,16,16,success,2025-10-22T20:43:15.135909,
Solo Leveling Manhwa,solo-leveling-manhwa,5,16,16,success,2025-10-22T20:44:14.684009,
Solo Leveling Manhwa,solo-leveling-manhwa,6,18,18,success,2025-10-22T20:44:41.576271,
Solo Leveling Manhwa,solo-leveling-manhwa,7,22,22,success,2025-10-22T20:45:40.431137,
Solo Leveling Manhwa,solo-leveling-manhwa,8,22,22,success,2025-10-22T20:46:39.316727,
Solo Leveling Manhwa,solo-leveling-manhwa,9,18,18,success,2025-10-22T20:47:12.880604,
Solo Leveling Manhwa,solo-leveling-manhwa,10,21,21,success,2025-10-23T09:41:41.984381,
Solo Leveling Manhwa,solo-leveling-manhwa,11,19,19,success,2025-10-23T09:42:09.213924,
solo-leveling-manhwa,solo-leveling-manhwa,12,15,15,success,2025-10-23T09:22:39.844971,
solo-leveling-manhwa,solo-leveling-manhwa,13,20,20,success,2025-10-23T09:23:08.735690,
solo-leveling-manhwa,solo-leveling-manhwa,14,17,17,success,2025-10-23T09:23:31.999987,
solo-leveling-manhwa,solo-leveling-manhwa,15,21,21,success,2025-10-23T09:24:00.558046,
solo-leveling-manhwa,solo-leveling-manhwa,16,21,21,success,2025-10-23T09:24:31.073716,
solo-leveling-manhwa,solo-leveling-manhwa,17,21,21,success,2025-10-23T09:25:04.028302,
solo-leveling-manhwa,solo-leveling-manhwa,18,19,19,success,2025-10-23T09:25:30.692844,
solo-leveling-manhwa,solo-leveling-manhwa,19,19,19,success,2025-10-23T09:25:58.602279,
solo-leveling-manhwa,solo-leveling-manhwa,20,19,19,success,2025-10-23T09:26:25.623691,
solo-leveling-manhwa,solo-leveling-manhwa,21,19,19,success,2025-10-23T09:26:53.398370,
solo-leveling-manhwa,solo-leveling-manhwa,22,21,21,success,2025-10-23T09:27:23.803816,
solo-leveling-manhwa,solo-leveling-manhwa,23,19,19,success,2025-10-23T09:27:49.862010,
solo-leveling-manhwa,solo-leveling-manhwa,24,22,22,success,2025-10-23T09:28:20.045691,
solo-leveling-manhwa,solo-leveling-manhwa,25,18,18,success,2025-10-23T09:28:44.314133,
solo-leveling-manhwa,solo-leveling-manhwa,26,16,16,success,2025-10-23T09:29:07.574375,
Solo Leveling Manhwa,solo-leveling-manhwa,27,21,21,success,2025-10-22T20:50:59.949456,
Solo Leveling Manhwa,solo-leveling-manhwa,28,19,19,success,2025-10-22T20:52:09.035127,
Solo Leveling Manhwa,solo-leveling-manhwa,29,19,19,success,2025-10-22T20:53:10.218835,
Solo Leveling Manhwa,solo-leveling-manhwa,30,21,21,success,2025-10-22T20:54:18.741152,
Solo Leveling Manhwa,solo-leveling-manhwa,31,18,18,success,2025-10-22T20:55:17.340194,
Solo Leveling Manhwa,solo-leveling-manhwa,32,18,18,success,2025-10-22T20:56:03.594740,
Solo Leveling Manhwa,solo-leveling-manhwa,33,21,21,success,2025-10-22T20:56:57.575230,
Solo Leveling Manhwa,solo-leveling-manhwa,34,20,20,success,2025-10-22T20:58:07.903056,
Solo Leveling Manhwa,solo-leveling-manhwa,35,19,19,success,2025-10-22T20:58:59.675353,
Solo Leveling Manhwa,solo-leveling-manhwa,36,16,16,success,2025-10-22T20:59:42.358356,
Solo Leveling Manhwa,solo-leveling-manhwa,37,17,17,success,2025-10-22T21:00:18.208572,
Solo Leveling Manhwa,solo-leveling-manhwa,38,20,20,success,2025-10-22T21:00:55.716477,
Solo Leveling Manhwa,solo-leveling-manhwa,39,20,20,success,2025-10-22T21:01:59.137018,
Solo Leveling Manhwa,solo-leveling-manhwa,40,14,14,success,2025-10-22T21:02:57.489504,
Solo Leveling Manhwa,solo-leveling-manhwa,41,18,18,success,2025-10-22T21:03:38.732797,
Solo Leveling Manhwa,solo-leveling-manhwa,42,16,16,success,2025-10-22T21:04:19.547921,
Solo Leveling Manhwa,solo-leveling-manhwa,43,15,15,success,2025-10-22T21:05:01.475261,
Solo Leveling Manhwa,solo-leveling-manhwa,44,16,16,success,2025-10-22T21:05:41.080998,
Solo Leveling Manhwa,solo-leveling-manhwa,45,19,19,success,2025-10-22T21:06:12.704005,
Solo Leveling Manhwa,solo-leveling-manhwa,46,10,10,success,2025-10-22T21:06:50.140571,
Solo Leveling Manhwa,solo-leveling-manhwa,47,12,12,success,2025-10-22T21:07:17.946580,
Solo Leveling Manhwa,solo-leveling-manhwa,48,11,11,success,2025-10-22T21:07:46.532660,
Solo Leveling Manhwa,solo-leveling-manhwa,49,14,14,success,2025-10-22T21:08:24.765865,
Solo Leveling Manhwa,solo-leveling-manhwa,50,20,20,success,2025-10-22T21:09:33.799335,
Solo Leveling Manhwa,solo-leveling-manhwa,51,22,22,success,2025-10-22T21:11:08.025147,
Solo Leveling Manhwa,solo-leveling-manhwa,52,17,17,success,2025-10-22T21:12:03.193697,
Solo Leveling Manhwa,solo-leveling-manhwa,53,20,20,success,2025-10-22T21:13:00.359679,
Solo Leveling Manhwa,solo-leveling-manhwa,54,15,15,success,2025-10-22T21:13:26.266266,
Solo Leveling Manhwa,solo-leveling-manhwa,55,13,13,success,2025-10-22T21:13:59.109149,
Solo Leveling Manhwa,solo-leveling-manhwa,56,15,15,success,2025-10-22T21:14:48.575319,
Solo Leveling Manhwa,solo-leveling-manhwa,57,36,36,success,2025-10-22T21:15:58.336623,
Solo Leveling Manhwa,solo-leveling-manhwa,58,36,36,success,2025-10-22T21:16:42.662942,
Solo Leveling Manhwa,solo-leveling-manhwa,59,32,32,success,2025-10-22T21:18:05.012537,
Solo Leveling Manhwa,solo-leveling-manhwa,60,29,29,success,2025-10-22T21:18:41.453151,
Solo Leveling Manhwa,solo-leveling-manhwa,61,23,23,success,2025-10-22T21:19:42.113122,
Solo Leveling Manhwa,solo-leveling-manhwa,62,24,24,success,2025-10-22T21:20:16.014081,
Solo Leveling Manhwa,solo-leveling-manhwa,63,24,24,success,2025-10-22T21:20:48.411851,
Solo Leveling Manhwa,solo-leveling-manhwa,64,32,32,success,2025-10-22T21:22:07.595025,
Solo Leveling Manhwa,solo-leveling-manhwa,65,36,36,success,2025-10-22T21:23:30.532957,
Solo Leveling Manhwa,solo-leveling-manhwa,66,32,32,success,2025-10-22T21:24:38.639832,
Solo Leveling Manhwa,solo-leveling-manhwa,67,35,35,success,2025-10-22T21:26:02.909842,
Solo Leveling Manhwa,solo-leveling-manhwa,68,45,45,success,2025-10-22T21:28:05.350485,
Solo Leveling Manhwa,solo-leveling-manhwa,69,42,42,success,2025-10-22T21:29:41.227529,
Solo Leveling Manhwa,solo-leveling-manhwa,70,36,36,success,2025-10-22T21:31:02.240674,
Solo Leveling Manhwa,solo-leveling-manhwa,71,41,41,success,2025-10-22T21:32:29.738714,
Solo Leveling Manhwa,solo-leveling-manhwa,72,39,39,success,2025-10-22T21:33:28.977411,
Solo Leveling Manhwa,solo-leveling-manhwa,73,30,30,success,2025-10-22T21:34:44.619040,
Solo Leveling Manhwa,solo-leveling-manhwa,74,17,17,success,2025-10-22T21:35:44.139141,
Solo Leveling Manhwa,solo-leveling-manhwa,75,25,25,success,2025-10-22T21:36:47.267216,
Solo Leveling Manhwa,solo-leveling-manhwa,76,29,29,success,2025-10-22T21:37:48.741617,
Solo Leveling Manhwa,solo-leveling-manhwa,77,25,25,success,2025-10-22T21:38:45.680981,
Solo Leveling Manhwa,solo-leveling-manhwa,78,27,27,success,2025-10-23T09:42:56.702512,
Solo Leveling Manhwa,solo-leveling-manhwa,79,30,30,success,2025-10-22T21:41:19.592043,
Solo Leveling Manhwa,solo-leveling-manhwa,80,34,34,success,2025-10-22T21:42:36.294984,
Solo Leveling Manhwa,solo-leveling-manhwa,81,35,35,success,2025-10-22T21:44:04.838446,
Solo Leveling Manhwa,solo-leveling-manhwa,82,29,29,success,2025-10-22T21:45:20.485332,
Solo Leveling Manhwa,solo-leveling-manhwa,83,24,24,success,2025-10-22T21:46:28.451476,
Solo Leveling Manhwa,solo-leveling-manhwa,84,30,30,success,2025-10-22T21:47:13.596598,
Solo Leveling Manhwa,solo-leveling-manhwa,85,31,31,success,2025-10-22T21:48:22.735710,
Solo Leveling Manhwa,solo-leveling-manhwa,86,25,25,success,2025-10-22T21:49:38.760275,
Solo Leveling Manhwa,solo-leveling-manhwa,87,30,30,success,2025-10-22T21:50:48.730610,
Solo Leveling Manhwa,solo-leveling-manhwa,88,32,32,success,2025-10-22T21:51:59.168492,
Solo Leveling Manhwa,solo-leveling-manhwa,89,33,33,success,2025-10-22T21:54:10.058382,
Solo Leveling Manhwa,solo-leveling-manhwa,90,26,26,success,2025-10-22T21:55:21.392798,
Solo Leveling Manhwa,solo-leveling-manhwa,91,24,24,success,2025-10-22T21:56:15.800981,
Solo Leveling Manhwa,solo-leveling-manhwa,92,31,31,success,2025-10-22T21:57:37.655356,
Solo Leveling Manhwa,solo-leveling-manhwa,93,26,26,success,2025-10-22T21:58:45.250312,
Solo Leveling Manhwa,solo-leveling-manhwa,94,51,51,success,2025-10-22T22:00:43.483321,
Solo Leveling Manhwa,solo-leveling-manhwa,95,45,45,success,2025-10-22T22:02:46.255874,
Solo Leveling Manhwa,solo-leveling-manhwa,96,37,37,success,2025-10-22T22:04:50.376345,
Solo Leveling Manhwa,solo-leveling-manhwa,97,116,116,success,2025-10-22T22:10:42.999652,
Solo Leveling Manhwa,solo-leveling-manhwa,98,127,127,success,2025-10-22T22:15:04.462692,
Solo Leveling Manhwa,solo-leveling-manhwa,99,38,38,success,2025-10-22T22:16:30.167919,
Solo Leveling Manhwa,solo-leveling-manhwa,100,49,49,success,2025-10-22T22:19:25.296131,
Solo Leveling Manhwa,solo-leveling-manhwa,101,33,33,success,2025-10-22T22:20:51.051865,
Solo Leveling Manhwa,solo-leveling-manhwa,102,42,42,success,2025-10-22T22:22:31.084714,
Solo Leveling Manhwa,solo-leveling-manhwa,103,15,15,success,2025-10-22T22:23:16.909602,
Solo Leveling Manhwa,solo-leveling-manhwa,104,35,35,success,2025-10-22T22:25:01.993864,
Solo Leveling Manhwa,solo-leveling-manhwa,105,41,41,success,2025-10-22T22:27:17.150144,
Solo Leveling Manhwa,solo-leveling-manhwa,106,33,33,success,2025-10-22T22:28:38.993510,
Solo Leveling Manhwa,solo-leveling-manhwa,107,31,31,success,2025-10-22T22:30:23.498762,
Solo Leveling Manhwa,solo-leveling-manhwa,108,36,36,success,2025-10-22T22:31:45.533250,
Solo Leveling Manhwa,solo-leveling-manhwa,109,31,31,success,2025-10-22T22:33:12.509799,
Solo Leveling Manhwa,solo-leveling-manhwa,110,0,0,failed,2025-10-23T01:33:14.312510,"HTTPSConnectionPool(host='www.mangaread.org', port=443): Max retries exceeded with url: /manga/solo-leveling-manhwa/chapter-110/ (Caused by NewConnectionError('<urllib3.connection.HTTPSConnection object at 0x000001EB3D5E68D0>: Failed to establish a new connection: [Errno 11001] getaddrinfo failed'))"
Solo Leveling Manhwa,solo-leveling-manhwa,111,0,0,failed,2025-10-23T01:33:16.337730,"HTTPSConnectionPool(host='www.mangaread.org', port=443): Max retries exceeded with url: /manga/solo-leveling-manhwa/chapter-111/ (Caused by NewConnectionError('<urllib3.connection.HTTPSConnection object at 0x000001EB3D5E5FD0>: Failed to establish a new connection: [Errno 11001] getaddrinfo failed'))"
Solo Leveling Manhwa,solo-leveling-manhwa,112,0,0,failed,2025-10-23T01:33:18.346017,"HTTPSConnectionPool(host='www.mangaread.org', port=443): Max retries exceeded with url: /manga/solo-leveling-manhwa/chapter-112/ (Caused by NewConnectionError('<urllib3.connection.HTTPSConnection object at 0x000001EB3D5906D0>: Failed to establish a new connection: [Errno 11001] getaddrinfo failed'))"
Solo Leveling Manhwa,solo-leveling-manhwa,113,0,0,failed,2025-10-23T01:33:20.362520,"HTTPSConnectionPool(host='www.mangaread.org', port=443): Max retries exceeded with url: /manga/solo-leveling-manhwa/chapter-113/ (Caused by NewConnectionError('<urllib3.connection.HTTPSConnection object at 0x000001EB3D5906D0>: Failed to establish a new connection: [Errno 11001] getaddrinfo failed'))"
Solo Leveling Manhwa,solo-leveling-manhwa,114,0,0,failed,2025-10-23T09:08:23.194532,"HTTPSConnectionPool(host='www.mangaread.org', port=443): Max retries exceeded with url: /manga/solo-leveling-manhwa/chapter-114/ (Caused by NewConnectionError('<urllib3.connection.HTTPSConnection object at 0x000001EB3D5906D0>: Failed to establish a new connection: [Errno 11001] getaddrinfo failed'))"
Solo Leveling Manhwa,solo-leveling-manhwa,115,0,0,failed,2025-10-23T09:08:25.206361,"HTTPSConnectionPool(host='www.mangaread.org', port=443): Max retries exceeded with url: /manga/solo-leveling-manhwa/chapter-115/ (Caused by NewConnectionError('<urllib3.connection.HTTPSConnection object at 0x000001EB3D5906D0>: Failed to establish a new connection: [Errno 11001] getaddrinfo failed'))"
Solo Leveling Manhwa,solo-leveling-manhwa,116,0,0,failed,2025-10-23T09:08:27.782046,"HTTPSConnectionPool(host='www.mangaread.org', port=443): Max retries exceeded with url: /manga/solo-leveling-manhwa/chapter-116/ (Caused by NewConnectionError('<urllib3.connection.HTTPSConnection object at 0x000001EB3D5906D0>: Failed to establish a new connection: [Errno 11001] getaddrinfo failed'))"
Solo Leveling Manhwa,solo-leveling-manhwa,117,0,0,failed,2025-10-23T09:08:29.956805,"HTTPSConnectionPool(host='www.mangaread.org', port=443): Max retries exceeded with url: /manga/solo-leveling-manhwa/chapter-117/ (Caused by NewConnectionError('<urllib3.connection.HTTPSConnection object at 0x000001EB3D592610>: Failed to establish a new connection: [Errno 11001] getaddrinfo failed'))"
Solo Leveling Manhwa,solo-leveling-manhwa,118,0,0,failed,2025-10-23T09:08:31.973804,"HTTPSConnectionPool(host='www.mangaread.org', port=443): Max retries exceeded with url: /manga/solo-leveling-manhwa/chapter-118/ (Caused by NewConnectionError('<urllib3.connection.HTTPSConnection object at 0x000001EB3D591F90>: Failed to establish a new connection: [Errno 11001] getaddrinfo failed'))"
Solo Leveling Manhwa,solo-leveling-manhwa,119,0,0,failed,2025-10-23T09:08:34.030822,"HTTPSConnectionPool(host='www.mangaread.org', port=443): Max retries exceeded with url: /manga/solo-leveling-manhwa/chapter-119/ (Caused by NewConnectionError('<urllib3.connection.HTTPSConnection object at 0x000001EB3D591F90>: Failed to establish a new connection: [Errno 11001] getaddrinfo failed'))"
Solo Leveling Manhwa,solo-leveling-manhwa,120,0,0,failed,2025-10-23T09:08:36.049854,"HTTPSConnectionPool(host='www.mangaread.org', port=443): Max retries exceeded with url: /manga/solo-leveling-manhwa/chapter-120/ (Caused by NewConnectionError('<urllib3.connection.HTTPSConnection object at 0x000001EB3D591F90>: Failed to establish a new connection: [Errno 11001] getaddrinfo failed'))"
Solo Leveling Manhwa,solo-leveling-manhwa,121,0,0,failed,2025-10-23T09:08:38.123799,"HTTPSConnectionPool(host='www.mangaread.org', port=443): Max retries exceeded with url: /manga/solo-leveling-manhwa/chapter-121/ (Caused by NewConnectionError('<urllib3.connection.HTTPSConnection object at 0x000001EB3D591650>: Failed to establish a new connection: [Errno 11001] getaddrinfo failed'))"
Solo Leveling Manhwa,solo-leveling-manhwa,122,0,0,failed,2025-10-23T09:08:40.141586,"HTTPSConnectionPool(host='www.mangaread.org', port=443): Max retries exceeded with url: /manga/solo-leveling-manhwa/chapter-122/ (Caused by NewConnectionError('<urllib3.connection.HTTPSConnection object at 0x000001EB3D592F90>: Failed to establish a new connection: [Errno 11001] getaddrinfo failed'))"
Solo Leveling Manhwa,solo-leveling-manhwa,123,0,0,failed,2025-10-23T09:08:42.224844,"HTTPSConnectionPool(host='www.mangaread.org', port=443): Max retries exceeded with url: /manga/solo-leveling-manhwa/chapter-123/ (Caused by NewConnectionError('<urllib3.connection.HTTPSConnection object at 0x000001EB3D592250>: Failed to establish a new connection: [Errno 11001] getaddrinfo failed'))"
Solo Leveling Manhwa,solo-leveling-manhwa,124,0,0,failed,2025-10-23T09:08:44.256016,"HTTPSConnectionPool(host='www.mangaread.org', port=443): Max retries exceeded with url: /manga/solo-leveling-manhwa/chapter-124/ (Caused by NewConnectionError('<urllib3.connection.HTTPSConnection object at 0x000001EB3B7C8BD0>: Failed to establish a new connection: [Errno 11001] getaddrinfo failed'))"
Solo Leveling Manhwa,solo-leveling-manhwa,125,0,0,failed,2025-10-23T09:08:46.343056,"HTTPSConnectionPool(host='www.mangaread.org', port=443): Max retries exceeded with url: /manga/solo-leveling-manhwa/chapter-125/ (Caused by NewConnectionError('<urllib3.connection.HTTPSConnection object at 0x000001EB3D5907D0>: Failed to establish a new connection: [Errno 11001] getaddrinfo failed'))"
Solo Leveling Manhwa,solo-leveling-manhwa,126,0,0,failed,2025-10-23T09:08:48.367887,"HTTPSConnectionPool(host='www.mangaread.org', port=443): Max retries exceeded with url: /manga/solo-leveling-manhwa/chapter-126/ (Caused by NewConnectionError('<urllib3.connection.HTTPSConnection object at 0x000001EB3D5E7E10>: Failed to establish a new connection: [Errno 11001] getaddrinfo failed'))"
Solo Leveling Manhwa,solo-leveling-manhwa,127,0,0,failed,2025-10-23T09:08:50.380717,"HTTPSConnectionPool(host='www.mangaread.org', port=443): Max retries exceeded with url: /manga/solo-leveling-manhwa/chapter-127/ (Caused by NewConnectionError('<urllib3.connection.HTTPSConnection object at 0x000001EB3D5933D0>: Failed to establish a new connection: [Errno 11001] getaddrinfo failed'))"
Solo Leveling Manhwa,solo-leveling-manhwa,128,0,0,failed,2025-10-23T09:08:52.396334,"HTTPSConnectionPool(host='www.mangaread.org', port=443): Max retries exceeded with url: /manga/solo-leveling-manhwa/chapter-128/ (Caused by NewConnectionError('<urllib3.connection.HTTPSConnection object at 0x000001EB3D5E6910>: Failed to establish a new connection: [Errno 11001] getaddrinfo failed'))"
Solo Leveling Manhwa,solo-leveling-manhwa,129,0,0,failed,2025-10-23T09:08:54.438338,"HTTPSConnectionPool(host='www.mangaread.org', port=443): Max retries exceeded with url: /manga/solo-leveling-manhwa/chapter-129/ (Caused by NewConnectionError('<urllib3.connection.HTTPSConnection object at 0x000001EB3D5935D0>: Failed to establish a new connection: [Errno 11001] getaddrinfo failed'))"
Solo Leveling Manhwa,solo-leveling-manhwa,130,0,0,failed,2025-10-23T09:08:56.453868,"HTTPSConnectionPool(host='www.mangaread.org', port=443): Max retries exceeded with url: /manga/solo-leveling-manhwa/chapter-130/ (Caused by NewConnectionError('<urllib3.connection.HTTPSConnection object at 0x000001EB3B951D50>: Failed to establish a new connection: [Errno 11001] getaddrinfo failed'))"
Solo Leveling Manhwa,solo-leveling-manhwa,131,0,0,failed,2025-10-23T09:08:58.516715,"HTTPSConnectionPool(host='www.mangaread.org', port=443): Max retries exceeded with url: /manga/solo-leveling-manhwa/chapter-131/ (Caused by NewConnectionError('<urllib3.connection.HTTPSConnection object at 0x000001EB3D5912D0>: Failed to establish a new connection: [Errno 11001] getaddrinfo failed'))"
Solo Leveling Manhwa,solo-leveling-manhwa,132,0,0,failed,2025-10-23T09:09:00.548523,"HTTPSConnectionPool(host='www.mangaread.org', port=443): Max retries exceeded with url: /manga/solo-leveling-manhwa/chapter-132/ (Caused by NewConnectionError('<urllib3.connection.HTTPSConnection object at 0x000001EB3B7C83D0>: Failed to establish a new connection: [Errno 11001] getaddrinfo failed'))"
Solo Leveling Manhwa,solo-leveling-manhwa,133,0,0,failed,2025-10-23T09:09:02.572341,"HTTPSConnectionPool(host='www.mangaread.org', port=443): Max retries exceeded with url: /manga/solo-leveling-manhwa/chapter-133/ (Caused by NewConnectionError('<urllib3.connection.HTTPSConnection object at 0x000001EB3D592250>: Failed to establish a new connection: [Errno 11001] getaddrinfo failed'))"
Solo Leveling Manhwa,solo-leveling-manhwa,134,0,0,failed,2025-10-23T09:09:04.685302,"HTTPSConnectionPool(host='www.mangaread.org', port=443): Max retries exceeded with url: /manga/solo-leveling-manhwa/chapter-134/ (Caused by NewConnectionError('<urllib3.connection.HTTPSConnection object at 0x000001EB3B951810>: Failed to establish a new connection: [Errno 11001] getaddrinfo failed'))"
Solo Leveling Manhwa,solo-leveling-manhwa,135,0,0,failed,2025-10-23T09:09:06.748270,"HTTPSConnectionPool(host='www.mangaread.org', port=443): Max retries exceeded with url: /manga/solo-leveling-manhwa/chapter-135/ (Caused by NewConnectionError('<urllib3.connection.HTTPSConnection object at 0x000001EB3D5907D0>: Failed to establish a new connection: [Errno 11001] getaddrinfo failed'))"
Solo Leveling Manhwa,solo-leveling-manhwa,136,0,0,failed,2025-10-23T09:09:08.770169,"HTTPSConnectionPool(host='www.mangaread.org', port=443): Max retries exceeded with url: /manga/solo-leveling-manhwa/chapter-136/ (Caused by NewConnectionError('<urllib3.connection.HTTPSConnection object at 0x000001EB3B951350>: Failed to establish a new connection: [Errno 11001] getaddrinfo failed'))"
Solo Leveling Manhwa,solo-leveling-manhwa,137,0,0,failed,2025-10-23T09:09:10.781188,"HTTPSConnectionPool(host='www.mangaread.org', port=443): Max retries exceeded with url: /manga/solo-leveling-manhwa/chapter-137/ (Caused by NewConnectionError('<urllib3.connection.HTTPSConnection object at 0x000001EB3D591A10>: Failed to establish a new connection: [Errno 11001] getaddrinfo failed'))"
Solo Leveling Manhwa,solo-leveling-manhwa,138,0,0,failed,2025-10-23T09:09:12.793067,"HTTPSConnectionPool(host='www.mangaread.org', port=443): Max retries exceeded with url: /manga/solo-leveling-manhwa/chapter-138/ (Caused by NewConnectionError('<urllib3.connection.HTTPSConnection object at 0x000001EB3B953E10>: Failed to establish a new connection: [Errno 11001] getaddrinfo failed'))"
Solo Leveling Manhwa,solo-leveling-manhwa,139,0,0,failed,2025-10-23T09:09:14.805243,"HTTPSConnectionPool(host='www.mangaread.org', port=443): Max retries exceeded with url: /manga/solo-leveling-manhwa/chapter-139/ (Caused by NewConnectionError('<urllib3.connection.HTTPSConnection object at 0x000001EB3D5933D0>: Failed to establish a new connection: [Errno 11001] getaddrinfo failed'))"
Solo Leveling Manhwa,solo-leveling-manhwa,140,0,0,failed,2025-10-23T09:09:16.818087,"HTTPSConnectionPool(host='www.mangaread.org', port=443): Max retries exceeded with url: /manga/solo-leveling-manhwa/chapter-140/ (Caused by NewConnectionError('<urllib3.connection.HTTPSConnection object at 0x000001EB3B7C85D0>: Failed to establish a new connection: [Errno 11001] getaddrinfo failed'))"
Solo Leveling Manhwa,solo-leveling-manhwa,141,0,0,failed,2025-10-23T09:09:18.830866,"HTTPSConnectionPool(host='www.mangaread.org', port=443): Max retries exceeded with url: /manga/solo-leveling-manhwa/chapter-141/ (Caused by NewConnectionError('<urllib3.connection.HTTPSConnection object at 0x000001EB3D590150>: Failed to establish a new connection: [Errno 11001] getaddrinfo failed'))"
Solo Leveling Manhwa,solo-leveling-manhwa,142,0,0,failed,2025-10-23T09:09:20.843889,"HTTPSConnectionPool(host='www.mangaread.org', port=443): Max retries exceeded with url: /manga/solo-leveling-manhwa/chapter-142/ (Caused by NewConnectionError('<urllib3.connection.HTTPSConnection object at 0x000001EB3B951890>: Failed to establish a new connection: [Errno 11001] getaddrinfo failed'))"
Solo Leveling Manhwa,solo-leveling-manhwa,143,0,0,failed,2025-10-23T09:09:22.857169,"HTTPSConnectionPool(host='www.mangaread.org', port=443): Max retries exceeded with url: /manga/solo-leveling-manhwa/chapter-143/ (Caused by NewConnectionError('<urllib3.connection.HTTPSConnection object at 0x000001EB3B7C8BD0>: Failed to establish a new connection: [Errno 11001] getaddrinfo failed'))"
Solo Leveling Manhwa,solo-leveling-manhwa,144,0,0,failed,2025-10-23T09:09:24.868704,"HTTPSConnectionPool(host='www.mangaread.org', port=443): Max retries exceeded with url: /manga/solo-leveling-manhwa/chapter-144/ (Caused by NewConnectionError('<urllib3.connection.HTTPSConnection object at 0x000001EB3D590F50>: Failed to establish a new connection: [Errno 11001] getaddrinfo failed'))"
Solo Leveling Manhwa,solo-leveling-manhwa,145,0,0,failed,2025-10-23T09:09:26.889399,"HTTPSConnectionPool(host='www.mangaread.org', port=443): Max retries exceeded with url: /manga/solo-leveling-manhwa/chapter-145/ (Caused by NewConnectionError('<urllib3.connection.HTTPSConnection object at 0x000001EB3D724490>: Failed to establish a new connection: [Errno 11001] getaddrinfo failed'))"
Solo Leveling Manhwa,solo-leveling-manhwa,146,0,0,failed,2025-10-23T09:09:28.900966,"HTTPSConnectionPool(host='www.mangaread.org', port=443): Max retries exceeded with url: /manga/solo-leveling-manhwa/chapter-146/ (Caused by NewConnectionError('<urllib3.connection.HTTPSConnection object at 0x000001EB3D724490>: Failed to establish a new connection: [Errno 11001] getaddrinfo failed'))"
Solo Leveling Manhwa,solo-leveling-manhwa,147,0,0,failed,2025-10-23T09:09:30.912971,"HTTPSConnectionPool(host='www.mangaread.org', port=443): Max retries exceeded with url: /manga/solo-leveling-manhwa/chapter-147/ (Caused by NewConnectionError('<urllib3.connection.HTTPSConnection object at 0x000001EB3D725110>: Failed to establish a new connection: [Errno 11001] getaddrinfo failed'))"
Solo Leveling Manhwa,solo-leveling-manhwa,148,0,0,failed,2025-10-23T09:09:32.936585,"HTTPSConnectionPool(host='www.mangaread.org', port=443): Max retries exceeded with url: /manga/solo-leveling-manhwa/chapter-148/ (Caused by NewConnectionError('<urllib3.connection.HTTPSConnection object at 0x000001EB3D725110>: Failed to establish a new connection: [Errno 11001] getaddrinfo failed'))"
Solo Leveling Manhwa,solo-leveling-manhwa,149,0,0,failed,2025-10-23T09:09:34.949619,"HTTPSConnectionPool(host='www.mangaread.org', port=443): Max retries exceeded with url: /manga/solo-leveling-manhwa/chapter-149/ (Caused by NewConnectionError('<urllib3.connection.HTTPSConnection object at 0x000001EB3D724490>: Failed to establish a new connection: [Errno 11001] getaddrinfo failed'))"
Solo Leveling Manhwa,solo-leveling-manhwa,150,16,16,success,2025-10-23T09:30:29.841033,
Solo Leveling Manhwa,solo-leveling-manhwa,151,8,8,success,2025-10-23T09:30:40.494235,
Solo Leveling Manhwa,solo-leveling-manhwa,152,10,10,success,2025-10-23T09:30:56.969441,
Solo Leveling Manhwa,solo-leveling-manhwa,153,10,10,success,2025-10-23T09:31:12.934025,
Solo Leveling Manhwa,solo-leveling-manhwa,154,54,54,success,2025-10-23T09:32:20.537832,
Solo Leveling Manhwa,solo-leveling-manhwa,155,10,10,success,2025-10-23T09:32:38.055472,
Solo Leveling Manhwa,solo-leveling-manhwa,156,8,8,success,2025-10-23T09:10:06.273237,
Solo Leveling Manhwa,solo-leveling-manhwa,157,6,6,success,2025-10-23T09:10:17.796128,
Solo Leveling Manhwa,solo-leveling-manhwa,158,5,5,success,2025-10-23T09:10:27.705362,
Solo Leveling Manhwa,solo-leveling-manhwa,159,4,4,success,2025-10-23T09:10:36.759677,
Solo Leveling Manhwa,solo-leveling-manhwa,160,10,10,success,2025-10-23T09:10:54.535963,
Solo Leveling Manhwa,solo-leveling-manhwa,161,6,6,success,2025-10-23T09:11:10.634426,
Solo Leveling Manhwa,solo-leveling-manhwa,162,6,6,success,2025-10-23T09:11:26.804702,
Solo Leveling Manhwa,solo-leveling-manhwa,163,9,9,success,2025-10-23T09:11:42.630073,
Solo Leveling Manhwa,solo-leveling-manhwa,164,7,7,success,2025-10-23T09:11:56.148677,
Solo Leveling Manhwa,solo-leveling-manhwa,165,9,9,success,2025-10-23T09:12:12.195047,
Solo Leveling Manhwa,solo-leveling-manhwa,166,6,6,success,2025-10-23T09:12:23.693029,
Solo Leveling Manhwa,solo-leveling-manhwa,167,6,6,success,2025-10-23T09:12:34.801276,
Solo Leveling Manhwa,solo-leveling-manhwa,168,8,8,success,2025-10-23T09:12:49.518483,
Solo Leveling Manhwa,solo-leveling-manhwa,169,19,19,success,2025-10-23T09:13:10.299123,
Solo Leveling Manhwa,solo-leveling-manhwa,170,7,7,success,2025-10-23T09:13:20.168175,
Solo Leveling Manhwa,solo-leveling-manhwa,171,8,8,success,2025-10-23T09:13:30.929060,
Solo Leveling Manhwa,solo-leveling-manhwa,172,17,17,success,2025-10-23T09:13:48.693513,
Solo Leveling Manhwa,solo-leveling-manhwa,173,10,10,success,2025-10-23T09:14:01.238012,
Solo Leveling Manhwa,solo-leveling-manhwa,174,8,8,success,2025-10-23T09:14:13.534012,
Solo Leveling Manhwa,solo-leveling-manhwa,175,6,6,success,2025-10-23T09:14:22.643169,
Solo Leveling Manhwa,solo-leveling-manhwa,176,13,13,success,2025-10-23T09:14:42.181087,
Solo Leveling Manhwa,solo-leveling-manhwa,177,10,10,success,2025-10-23T09:14:55.001501,
Solo Leveling Manhwa,solo-leveling-manhwa,178,5,5,success,2025-10-23T09:15:02.884227,
Solo Leveling Manhwa,solo-leveling-manhwa,179,6,6,success,2025-10-23T09:15:11.825781,
Solo Leveling Manhwa,solo-leveling-manhwa,180,17,17,success,2025-10-23T09:15:28.603572,
Solo Leveling Manhwa,solo-leveling-manhwa,181,12,12,success,2025-10-23T09:15:41.201466,
Solo Leveling Manhwa,solo-leveling-manhwa,182,10,10,success,2025-10-23T09:15:54.288277,
Solo Leveling Manhwa,solo-leveling-manhwa,183,12,12,success,2025-10-23T09:16:14.027376,
Solo Leveling Manhwa,solo-leveling-manhwa,184,12,12,success,2025-10-23T09:16:33.698570,
Solo Leveling Manhwa,solo-leveling-manhwa,185,12,12,success,2025-10-23T09:16:52.633572,
Solo Leveling Manhwa,solo-leveling-manhwa,186,13,13,success,2025-10-23T09:17:07.427536,
Solo Leveling Manhwa,solo-leveling-manhwa,187,19,19,success,2025-10-23T09:17:28.324733,
Solo Leveling Manhwa,solo-leveling-manhwa,188,17,17,success,2025-10-23T09:17:46.536501,
Solo Leveling Manhwa,solo-leveling-manhwa,189,16,16,success,2025-10-23T09:18:04.594517,
Solo Leveling Manhwa,solo-leveling-manhwa,190,13,13,success,2025-10-23T09:18:19.190864,
Solo Leveling Manhwa,solo-leveling-manhwa,191,13,13,success,2025-10-23T09:18:39.403356,
Solo Leveling Manhwa,solo-leveling-manhwa,192,13,13,success,2025-10-23T09:18:59.667978,
Solo Leveling Manhwa,solo-leveling-manhwa,193,11,11,success,2025-10-23T09:19:17.292503,
Solo Leveling Manhwa,solo-leveling-manhwa,194,11,11,success,2025-10-23T09:19:36.532666,
Solo Leveling Manhwa,solo-leveling-manhwa,195,12,12,success,2025-10-23T09:19:58.035956,
Solo Leveling Manhwa,solo-leveling-manhwa,196,13,13,success,2025-10-23T09:20:20.743601,
Solo Leveling Manhwa,solo-leveling-manhwa,197,14,14,success,2025-10-23T09:33:00.160228,
Solo Leveling Manhwa,solo-leveling-manhwa,198,11,11,success,2025-10-23T09:33:19.950996,
Solo Leveling Manhwa,solo-leveling-manhwa,199,14,14,success,2025-10-23T09:33:43.632800,
Solo Leveling Manhwa,solo-leveling-manhwa,200,13,13,success,2025-10-23T09:33:57.802300,
Black Clover,black-clover,26,17,17,success,2025-10-28T12:14:57.572485,
Black Clover,black-clover,27,19,19,success,2025-10-28T12:15:28.244928,
Black Clover,black-clover,28,17,17,success,2025-10-28T12:15:53.951202,
Black Clover,black-clover,29,18,18,success,2025-10-28T12:16:20.175534,
Black Clover,black-clover,30,19,19,success,2025-10-28T12:16:47.729084,
Black Clover,black-clover,31,21,21,success,2025-10-28T12:17:07.226016,
Black Clover,black-clover,32,19,19,success,2025-10-28T12:17:33.430909,
Black Clover,black-clover,33,18,18,success,2025-10-28T12:18:01.257162,
Black Clover,black-clover,34,18,18,success,2025-10-28T12:18:28.852904,
Black Clover,black-clover,35,20,20,success,2025-10-28T12:18:57.331677,
Black Clover,black-clover,36,20,20,success,2025-10-28T12:19:26.406293,
Black Clover,black-clover,37,18,18,success,2025-10-28T12:19:53.298993,
Black Clover,black-clover,38,18,18,success,2025-10-28T12:20:20.210685,
Black Clover,black-clover,39,17,17,success,2025-10-28T12:20:48.365319,
Black Clover,black-clover,40,19,19,success,2025-10-28T12:21:17.026080,
Black Clover,black-clover,41,18,18,success,2025-10-28T12:21:43.249187,
Black Clover,black-clover,42,18,18,success,2025-10-28T12:22:09.274013,
Black Clover,black-clover,43,17,17,success,2025-10-28T12:22:36.270394,
Black Clover,black-clover,44,18,18,success,2025-10-28T12:23:02.738713,
Black Clover,black-clover,45,18,18,success,2025-10-28T12:23:29.361486,
Black Clover,black-clover,46,21,21,success,2025-10-28T12:23:58.812710,
Black Clover,black-clover,47,18,18,success,2025-10-28T12:24:25.776135,
Black Clover,black-clover,48,18,18,success,2025-10-28T12:24:54.787155,
Black Clover,black-clover,49,17,18,partial,2025-10-28T12:51:26.500187,Downloaded 17/18
Black Clover,black-clover,50,22,22,success,2025-10-28T12:51:48.759070,
Black Clover,black-clover,51,20,20,success,2025-10-28T12:52:08.746036,
Black Clover,black-clover,52,21,21,success,2025-10-28T12:52:33.596359,
Black Clover,black-clover,53,21,21,success,2025-10-28T12:52:54.174151,
Black Clover,black-clover,54,19,19,success,2025-10-28T12:53:13.014976,
Black Clover,black-clover,55,18,18,success,2025-10-28T12:53:30.437643,
Black Clover,black-clover,56,20,20,success,2025-10-28T12:53:49.894622,
Black Clover,black-clover,57,21,21,success,2025-10-28T12:54:10.715432,
Black Clover,black-clover,58,22,22,success,2025-10-28T12:54:32.256281,
Black Clover,black-clover,59,19,19,success,2025-10-28T12:54:51.122772,
Black Clover,black-clover,60,17,17,success,2025-10-28T12:55:07.885481,
Black Clover,black-clover,61,20,20,success,2025-10-28T12:55:27.356657,
Black Clover,black-clover,62,20,20,success,2025-10-28T12:55:47.017400,
Black Clover,black-clover,63,21,21,success,2025-10-28T12:56:07.680835,
Black Clover,black-clover,64,20,20,success,2025-10-28T12:56:28.945743,
Black Clover,black-clover,65,20,20,success,2025-10-28T12:56:48.305783,
Black Clover,black-clover,66,20,20,success,2025-10-28T12:57:08.497747,
Black Clover,black-clover,67,19,19,success,2025-10-28T12:57:30.119554,
Black Clover,black-clover,68,19,19,success,2025-10-28T12:57:48.780761,
Black Clover,black-clover,69,19,19,success,2025-10-28T12:58:07.548478,
Black Clover,black-clover,70,19,19,success,2025-10-28T12:58:26.139847,
Black Clover,black-clover,71,19,19,success,2025-10-28T12:58:45.689255,
Black Clover,black-clover,72,19,19,success,2025-10-28T12:59:04.665499,
Black Clover,black-clover,73,17,17,success,2025-10-28T12:59:21.428110,
Black Clover,black-clover,74,16,16,success,2025-10-28T12:59:37.503725,
Black Clover,black-clover,75,16,16,success,2025-10-28T12:59:54.243338,
Black Clover,black-clover,76,18,18,success,2025-10-28T13:00:12.870620,
Black Clover,black-clover,77,19,19,success,2025-10-28T13:00:31.955236,
Black Clover,black-clover,78,21,21,success,2025-10-28T13:00:51.947712,
Black Clover,black-clover,79,21,21,success,2025-10-28T13:01:12.670629,
Black Clover,black-clover,80,21,21,success,2025-10-28T13:01:32.969810,
Black Clover,black-clover,81,16,16,success,2025-10-28T13:01:49.631713,
Black Clover,black-clover,82,20,20,success,2025-10-28T13:02:09.012224,
Black Clover,black-clover,83,20,20,success,2025-10-28T13:02:30.434235,
Black Clover,black-clover,84,20,20,success,2025-10-28T13:02:49.936413,
Black Clover,black-clover,85,18,18,success,2025-10-28T13:03:07.635950,
Black Clover,black-clover,86,18,18,success,2025-10-28T13:03:25.766478,
Black Clover,black-clover,87,17,17,success,2025-10-28T13:03:43.147061,
Black Clover,black-clover,88,15,15,success,2025-10-28T13:03:59.094462,
Black Clover,black-clover,89,19,19,success,2025-10-28T13:04:18.291011,
Black Clover,black-clover,90,19,19,success,2025-10-28T13:04:36.684974,
Black Clover,black-clover,91,17,17,success,2025-10-28T13:04:53.758260,
Black Clover,black-clover,92,18,18,success,2025-10-28T13:05:11.699342,
Black Clover,black-clover,93,13,13,success,2025-10-28T13:05:25.276334,
Black Clover,black-clover,94,14,14,success,2025-10-28T13:05:40.030449,
Black Clover,black-clover,95,16,16,success,2025-10-28T13:05:55.564090,
Black Clover,black-clover,96,17,17,success,2025-10-28T13:06:12.890655,
Black Clover,black-clover,97,16,16,success,2025-10-28T13:06:28.764839,
Black Clover,black-clover,98,18,18,success,2025-10-28T13:06:45.753559,
Black Clover,black-clover,99,19,19,success,2025-10-28T13:07:05.271708,
Black Clover,black-clover,100,15,15,success,2025-10-28T13:07:22.397941,
Black Clover,black-clover,101,17,17,success,2025-10-28T13:07:39.571864,
Black Clover,black-clover,102,17,17,success,2025-10-28T13:07:56.914139,
Black Clover,black-clover,103,17,17,success,2025-10-28T13:08:13.818484,
Black Clover,black-clover,104,17,17,success,2025-10-28T13:08:30.469296,
Black Clover,black-clover,105,21,21,success,2025-10-28T13:14:58.965094,
Black Clover,black-clover,106,14,14,success,2025-10-28T13:15:13.597684,
Black Clover,black-clover,107,16,16,success,2025-10-28T13:15:29.749538,
Black Clover,black-clover,108,14,14,success,2025-10-28T13:15:44.191298,
Black Clover,black-clover,109,15,15,success,2025-10-28T13:16:01.360424,
Black Clover,black-clover,110,20,20,success,2025-10-28T13:16:31.817051,
Black Clover,black-clover,111,16,16,success,2025-10-28T13:16:48.048170,
Black Clover,black-clover,112,19,19,success,2025-10-28T13:17:06.196240,
Black Clover,black-clover,113,15,15,success,2025-10-28T13:17:20.678972,
Black Clover,black-clover,114,17,17,success,2025-10-28T13:17:36.908257,
Black Clover,black-clover,115,16,16,success,2025-10-28T13:17:52.839220,
Black Clover,black-clover,116,16,16,success,2025-10-28T13:18:08.636911,
Black Clover,black-clover,117,17,17,success,2025-10-28T13:18:24.647215,
Black Clover,black-clover,118,18,18,success,2025-10-28T13:18:41.660863,
Black Clover,black-clover,119,16,16,success,2025-10-28T13:18:56.897153,
Black Clover,black-clover,120,19,19,success,2025-10-28T13:19:23.762092,
Black Clover,black-clover,121,16,16,success,2025-10-28T13:19:50.810451,
Black Clover,black-clover,122,16,16,success,2025-10-28T13:20:14.160283,
Black Clover,black-clover,123,17,17,success,2025-10-28T13:20:40.009663,
Black Clover,black-clover,124,17,17,success,2025-10-28T13:21:08.541993,
Black Clover,black-clover,125,17,17,success,2025-10-28T13:21:34.544805,
Black Clover,black-clover,126,16,16,success,2025-10-28T13:22:01.421980,
Black Clover,black-clover,127,19,19,success,2025-10-28T13:22:33.617815,
Black Clover,black-clover,128,17,17,success,2025-10-28T13:22:58.086404,
Black Clover,black-clover,129,16,16,success,2025-10-28T13:23:21.014597,
Black Clover,black-clover,130,13,13,success,2025-10-28T13:23:41.397366,
Black Clover,black-clover,131,15,15,success,2025-10-28T13:24:04.133253,
Black Clover,black-clover,132,15,15,success,2025-10-28T13:24:30.716065,
Black Clover,black-clover,133,20,20,success,2025-10-28T13:24:58.041230,
Black Clover,black-clover,134,15,15,success,2025-10-28T13:25:19.801724,
Black Clover,black-clover,135,15,15,success,2025-10-28T13:25:42.335840,
Black Clover,black-clover,136,17,17,success,2025-10-28T13:26:10.531018,
Black Clover,black-clover,137,15,15,success,2025-10-28T13:26:32.132346,
Black Clover,black-clover,138,17,17,success,2025-10-28T13:26:55.900853,
Black Clover,black-clover,139,16,16,success,2025-10-28T13:27:18.757580,
Black Clover,black-clover,140,16,16,success,2025-10-28T13:27:41.491345,
Black Clover,black-clover,141,16,16,success,2025-10-28T13:28:04.584864,
Black Clover,black-clover,142,17,17,success,2025-10-28T13:28:27.837251,
Black Clover,black-clover,143,16,16,success,2025-10-28T13:28:49.883366,
Black Clover,black-clover,144,15,15,success,2025-10-28T13:29:11.745887,
Black Clover,black-clover,145,15,15,success,2025-10-28T13:29:33.287679,
Black Clover,black-clover,146,19,19,success,2025-10-28T13:30:00.099036,
Black Clover,black-clover,147,17,17,success,2025-10-28T13:30:23.526283,
Black Clover,black-clover,148,18,18,success,2025-10-28T13:30:47.215271,
Black Clover,black-clover,149,15,15,success,2025-10-28T13:31:13.013466,
Black Clover,black-clover,150,14,14,success,2025-10-28T13:31:26.754816,
Black Clover,black-clover,151,17,17,success,2025-10-28T13:31:50.452954,
Black Clover,black-clover,152,16,16,success,2025-10-28T13:32:12.486730,
Black Clover,black-clover,153,15,15,success,2025-10-28T13:32:35.972672,
Black Clover,black-clover,154,16,16,success,2025-10-28T13:32:58.966585,
Black Clover,black-clover,155,13,13,success,2025-10-28T13:33:17.665381,
Black Clover,black-clover,156,17,17,success,2025-10-28T13:33:42.705860,
Black Clover,black-clover,157,15,15,success,2025-10-28T13:34:05.398451,
Black Clover,black-clover,158,16,16,success,2025-10-28T13:34:28.250788,
Black Clover,black-clover,159,17,17,success,2025-10-28T13:34:51.278745,
Black Clover,black-clover,160,17,17,success,2025-10-28T13:35:15.145946,
Black Clover,black-clover,161,15,15,success,2025-10-28T13:35:37.739372,
Black Clover,black-clover,162,11,11,success,2025-10-28T13:35:56.209317,
Black Clover,black-clover,163,13,13,success,2025-10-28T13:36:17.347602,
Black Clover,black-clover,164,14,14,success,2025-10-28T13:36:38.194572,
Black Clover,black-clover,165,14,14,success,2025-10-28T13:36:58.135759,
Black Clover,black-clover,166,15,15,success,2025-10-28T13:37:19.145371,
Black Clover,black-clover,167,12,12,success,2025-10-28T13:37:37.251755,
Black Clover,black-clover,168,13,13,success,2025-10-28T13:37:56.413781,
Black Clover,black-clover,169,13,13,success,2025-10-28T13:38:14.484875,
Black Clover,black-clover,170,17,17,success,2025-10-28T13:38:38.537480,
Black Clover,black-clover,171,15,15,success,2025-10-28T13:38:53.286828,
Black Clover,black-clover,172,14,14,success,2025-10-28T13:39:07.464797,
Black Clover,black-clover,173,16,16,success,2025-10-28T13:39:30.841769,
Black Clover,black-clover,174,15,15,success,2025-10-28T13:39:51.715064,
Black Clover,black-clover,175,15,15,success,2025-10-28T13:40:08.477970,
Black Clover,black-clover,176,14,14,success,2025-10-28T13:40:22.115503,
Black Clover,black-clover,177,11,11,success,2025-10-28T13:40:33.494951,
Black Clover,black-clover,178,14,14,success,2025-10-28T13:40:48.076622,
Black Clover,black-clover,179,15,15,success,2025-10-28T13:41:02.087097,
Black Clover,black-clover,180,18,18,success,2025-10-28T13:41:18.218978,
Black Clover,black-clover,181,14,14,success,2025-10-28T13:41:31.539884,
Black Clover,black-clover,182,16,16,success,2025-10-28T13:41:56.975257,
Black Clover,black-clover,183,16,16,success,2025-10-28T13:42:20.327633,
Black Clover,black-clover,184,17,17,success,2025-10-28T13:42:44.108852,
Black Clover,black-clover,185,14,14,success,2025-10-28T13:43:04.995258,
Black Clover,black-clover,186,14,14,success,2025-10-28T13:43:25.577777,
Black Clover,black-clover,187,14,14,success,2025-10-28T13:43:46.563667,
Black Clover,black-clover,188,16,16,success,2025-10-28T13:44:10.850918,
Black Clover,black-clover,189,18,18,success,2025-10-28T13:44:36.117321,
Black Clover,black-clover,190,17,17,success,2025-10-28T13:45:01.657846,
Black Clover,black-clover,191,14,14,success,2025-10-28T13:45:23.451716,
Black Clover,black-clover,192,15,15,success,2025-10-28T13:45:47.414944,
Black Clover,black-clover,193,14,14,success,2025-10-28T13:46:07.784076,
Black Clover,black-clover,194,14,14,success,2025-10-28T13:46:37.738127,
Black Clover,black-clover,195,16,16,success,2025-10-28T13:47:11.664528,
Black Clover,black-clover,196,16,16,success,2025-10-28T13:47:35.534997,
Black Clover,black-clover,197,17,17,success,2025-10-28T13:48:01.090816,
Black Clover,black-clover,198,16,16,success,2025-10-28T13:48:25.706745,
Black Clover,black-clover,199,14,14,success,2025-10-28T13:48:47.927392,
Black Clover,black-clover,200,19,19,success,2025-10-28T13:49:16.892265,
Black Clover,black-clover,201,16,16,success,2025-10-28T13:49:39.998995,
Black Clover,black-clover,202,15,15,success,2025-10-28T13:50:02.546407,
Black Clover,black-clover,203,14,14,success,2025-10-28T13:50:24.477895,
Black Clover,black-clover,204,16,16,success,2025-10-28T13:50:48.603797,
Black Clover,black-clover,205,15,15,success,2025-10-28T13:51:12.396422,
Black Clover,black-clover,206,15,15,success,2025-10-28T13:51:34.601625,
Black Clover,black-clover,207,16,16,success,2025-10-28T13:51:58.632084,
Black Clover,black-clover,208,13,13,success,2025-10-28T13:52:19.378975,
Black Clover,black-clover,209,12,12,success,2025-10-28T13:52:37.829322,
Black Clover,black-clover,210,16,16,success,2025-10-28T13:53:02.296542,
Black Clover,black-clover,211,19,19,success,2025-10-28T13:53:30.557605,
Black Clover,black-clover,212,16,16,success,2025-10-28T13:53:55.642308,
Black Clover,black-clover,213,15,15,success,2025-10-28T13:54:19.086791,
Black Clover,black-clover,214,16,16,success,2025-10-28T13:54:42.535031,
Black Clover,black-clover,215,12,12,success,2025-10-28T13:55:01.172954,
Black Clover,black-clover,216,16,16,success,2025-10-28T13:55:32.507512,
Black Clover,black-clover,217,15,15,success,2025-10-28T13:55:56.962929,
Black Clover,black-clover,218,15,15,success,2025-10-28T13:56:19.942866,
Black Clover,black-clover,219,14,14,success,2025-10-28T13:56:43.155882,
Black Clover,black-clover,220,16,16,success,2025-10-28T13:56:59.151623,
Black Clover,black-clover,221,14,14,success,2025-10-28T13:57:19.940118,
Black Clover,black-clover,222,15,15,success,2025-10-28T13:57:42.251676,
Black Clover,black-clover,223,16,16,success,2025-10-28T13:58:09.995635,
Black Clover,black-clover,224,16,16,success,2025-10-28T13:58:41.257118,
Black Clover,black-clover,225,15,15,success,2025-10-28T13:59:14.359812,
Black Clover,black-clover,226,14,14,success,2025-10-28T13:59:42.062876,
Black Clover,black-clover,227,14,14,success,2025-10-28T14:00:10.005605,
Black Clover,black-clover,228,15,15,success,2025-10-28T14:00:36.462976,
Black Clover,black-clover,229,16,16,success,2025-10-28T14:01:07.558656,
Black Clover,black-clover,230,13,13,success,2025-10-28T14:01:31.787847,
Black Clover,black-clover,231,15,15,success,2025-10-28T14:01:56.322287,
Black Clover,black-clover,232,12,12,success,2025-10-28T14:02:15.968785,
Black Clover,black-clover,233,12,12,success,2025-10-28T14:02:37.156114,
Black Clover,black-clover,234,15,15,success,2025-10-28T14:03:03.145959,
Black Clover,black-clover,235,13,13,success,2025-10-28T14:03:27.343368,
Black Clover,black-clover,236,15,15,success,2025-10-28T14:03:52.800071,
Black Clover,black-clover,237,13,13,success,2025-10-28T14:04:14.047168,
Black Clover,black-clover,238,13,13,success,2025-10-28T14:04:35.332604,
Black Clover,black-clover,239,12,12,success,2025-10-28T14:04:58.495978,
Black Clover,black-clover,240,12,12,success,2025-10-28T14:05:21.202326,
Black Clover,black-clover,241,13,13,success,2025-10-28T14:05:43.501971,
Black Clover,black-clover,242,16,16,success,2025-10-28T14:06:19.787225,
Black Clover,black-clover,243,13,13,success,2025-10-28T14:06:43.597001,
Black Clover,black-clover,244,15,15,success,2025-10-28T14:07:10.973262,
Black Clover,black-clover,245,14,14,success,2025-10-28T14:07:34.969986,
Black Clover,black-clover,246,15,15,success,2025-10-28T14:07:58.910416,
Black Clover,black-clover,247,12,12,success,2025-10-28T14:08:16.513384,
Black Clover,black-clover,248,12,12,success,2025-10-28T14:08:35.969205,
Black Clover,black-clover,249,14,14,success,2025-10-28T14:08:56.483345,
Black Clover,black-clover,250,13,13,success,2025-10-28T14:09:10.240936,
Black Clover,black-clover,251,15,15,success,2025-10-28T14:09:38.840252,
Black Clover,black-clover,252,13,13,success,2025-10-28T14:10:02.947757,
Black Clover,black-clover,253,13,13,success,2025-10-28T14:10:23.714427,
Black Clover,black-clover,254,14,14,success,2025-10-28T14:10:47.467065,
Black Clover,black-clover,255,14,14,success,2025-10-28T14:11:11.254609,
Black Clover,black-clover,256,12,12,success,2025-10-28T14:11:31.769485,
Black Clover,black-clover,257,12,12,success,2025-10-28T14:11:51.891006,
Black Clover,black-clover,258,13,13,success,2025-10-28T14:12:13.257306,
Black Clover,black-clover,259,12,12,success,2025-10-28T14:12:35.650491,
Black Clover,black-clover,260,16,16,success,2025-10-28T14:12:55.785278,
Black Clover,black-clover,261,16,16,success,2025-10-28T14:13:27.122824,
Black Clover,black-clover,262,14,14,success,2025-10-28T14:13:59.340421,
Black Clover,black-clover,263,14,14,success,2025-10-28T14:14:23.308363,
Black Clover,black-clover,264,15,15,success,2025-10-28T14:14:46.501938,
Black Clover,black-clover,265,8,8,success,2025-10-28T14:15:00.285734,
Black Clover,black-clover,266,15,15,success,2025-10-28T14:15:23.432919,
Black Clover,black-clover,267,15,15,success,2025-10-28T14:15:45.683577,
Black Clover,black-clover,268,14,14,success,2025-10-28T14:16:08.926091,
Black Clover,black-clover,269,14,14,success,2025-10-28T14:16:33.644621,
Black Clover,black-clover,270,14,14,success,2025-10-28T14:16:47.735898,
Black Clover,black-clover,271,13,13,success,2025-10-28T14:17:03.387654,
Black Clover,black-clover,272,14,14,success,2025-10-28T14:17:17.753802,
Black Clover,black-clover,273,14,14,success,2025-10-28T14:17:31.960663,
Black Clover,black-clover,274,16,16,success,2025-10-28T14:17:55.198205,
Black Clover,black-clover,275,14,14,success,2025-10-28T14:18:12.334350,
Black Clover,black-clover,276,13,13,success,2025-10-28T14:18:33.305990,
Black Clover,black-clover,277,17,17,success,2025-10-28T14:18:54.570971,
Black Clover,black-clover,278,17,17,success,2025-10-28T14:19:11.318434,
Black Clover,black-clover,279,15,15,success,2025-10-28T14:19:28.001328,
Black Clover,black-clover,280,13,13,success,2025-10-28T14:19:42.825444,
Black Clover,black-clover,281,13,13,success,2025-10-28T14:19:58.028837,
Black Clover,black-clover,282,11,11,success,2025-10-28T14:20:15.558198,
Black Clover,black-clover,283,11,11,success,2025-10-28T14:20:30.286021,
Black Clover,black-clover,284,11,11,success,2025-10-28T14:20:54.697530,
Black Clover,black-clover,285,16,16,success,2025-10-28T14:21:17.738988,
Black Clover,black-clover,286,17,17,success,2025-10-28T14:21:34.268911,
Black Clover,black-clover,287,15,15,success,2025-10-28T14:21:49.557629,
Black Clover,black-clover,288,13,13,success,2025-10-28T14:22:09.913562,
Black Clover,black-clover,289,11,11,success,2025-10-28T14:22:26.612855,
Black Clover,black-clover,290,13,13,success,2025-10-28T14:22:45.880770,
Black Clover,black-clover,291,16,16,success,2025-10-28T14:23:09.223222,
Black Clover,black-clover,292,14,14,success,2025-10-28T14:23:32.379985,
Black Clover,black-clover,293,16,16,success,2025-10-28T14:23:47.482565,
Black Clover,black-clover,294,15,15,success,2025-10-28T14:24:08.147448,
Black Clover,black-clover,295,17,17,success,2025-10-28T14:24:25.470593,
Black Clover,black-clover,296,12,12,success,2025-10-28T14:24:48.637326,
Black Clover,black-clover,297,12,12,success,2025-10-28T14:25:02.215608,
Black Clover,black-clover,298,9,9,success,2025-10-28T14:25:20.875442,
Black Clover,black-clover,299,11,11,success,2025-10-28T14:25:34.049811,
Black Clover,black-clover,300,14,14,success,2025-10-28T14:25:48.301021,
Black Clover,black-clover,301,13,13,success,2025-10-28T14:26:02.192668,
Black Clover,black-clover,302,12,12,success,2025-10-28T14:26:22.745392,
Black Clover,black-clover,303,12,12,success,2025-10-28T14:26:41.199509,
Black Clover,black-clover,304,14,14,success,2025-10-28T14:27:01.179131,
Black Clover,black-clover,305,15,15,success,2025-10-28T14:27:16.761634,
Black Clover,black-clover,306,15,15,success,2025-10-28T14:27:32.016377,
Black Clover,black-clover,307,13,13,success,2025-10-28T14:27:45.695440,
Black Clover,black-clover,308,14,14,success,2025-10-28T14:28:00.352684,
Black Clover,black-clover,309,12,12,success,2025-10-28T14:28:13.552365,
Black Clover,black-clover,310,13,13,success,2025-10-28T14:28:27.899647,
Black Clover,black-clover,311,13,13,success,2025-10-28T14:28:41.949564,
Black Clover,black-clover,312,12,12,success,2025-10-28T14:28:55.354195,
Black Clover,black-clover,313,12,12,success,2025-10-28T14:29:08.435765,
Black Clover,black-clover,314,10,10,success,2025-10-28T14:29:19.868149,
Black Clover,black-clover,315,14,14,success,2025-10-28T14:29:34.853978,
Black Clover,black-clover,316,13,13,success,2025-10-28T14:29:48.571227,
Black Clover,black-clover,317,12,12,success,2025-10-28T14:30:01.311270,
Black Clover,black-clover,318,14,14,success,2025-10-28T14:30:16.443215,
Black Clover,black-clover,319,12,12,success,2025-10-28T14:30:29.468556,
Black Clover,black-clover,320,13,13,success,2025-10-28T14:30:42.258092,
Black Clover,black-clover,321,17,17,success,2025-10-28T14:30:59.377422,
Black Clover,black-clover,322,16,16,success,2025-10-28T14:31:16.063888,
Black Clover,black-clover,323,14,14,success,2025-10-28T14:31:33.222900,
Black Clover,black-clover,324,12,12,success,2025-10-28T14:31:46.265577,
Black Clover,black-clover,325,10,10,success,2025-10-28T14:31:57.506556,
Black Clover,black-clover,326,14,14,success,2025-10-28T14:32:25.858150,
Black Clover,black-clover,327,11,11,success,2025-10-28T14:32:36.810537,
Black Clover,black-clover,328,14,14,success,2025-10-28T14:32:51.517105,
Black Clover,black-clover,329,14,14,success,2025-10-28T14:33:05.998497,
Black Clover,black-clover,330,14,14,success,2025-10-28T14:33:20.289386,
Black Clover,black-clover,331,15,15,success,2025-10-28T14:33:35.963515,
Black Clover,black-clover,332,18,18,success,2025-10-28T14:33:54.028711,
Black Clover,black-clover,333,14,14,success,2025-10-28T14:34:08.511908,
Black Clover,black-clover,334,16,16,success,2025-10-28T14:34:24.609967,
Black Clover,black-clover,335,15,15,success,2025-10-28T14:34:39.485916,
Black Clover,black-clover,336,20,20,success,2025-10-28T14:34:59.943731,
Black Clover,black-clover,337,16,16,success,2025-10-28T14:35:16.125228,
Black Clover,black-clover,338,18,18,success,2025-10-28T14:35:35.017202,
Black Clover,black-clover,339,19,19,success,2025-10-28T14:35:53.742548,
Black Clover,black-clover,340,16,16,success,2025-10-28T14:36:10.436976,
Black Clover,black-clover,341,17,17,success,2025-10-28T14:36:35.261045,
Black Clover,black-clover,342,16,16,success,2025-10-28T14:36:59.484881,
Black Clover,black-clover,343,17,17,success,2025-10-28T14:37:17.190149,
Black Clover,black-clover,344,15,15,success,2025-10-28T14:37:32.870365,
Black Clover,black-clover,345,16,16,success,2025-10-28T14:37:49.435695,
Black Clover,black-clover,346,16,16,success,2025-10-28T14:38:06.021325,
Black Clover,black-clover,347,15,15,success,2025-10-28T14:38:21.334978,
Black Clover,black-clover,348,16,16,success,2025-10-28T14:38:37.142992,
Black Clover,black-clover,349,13,13,success,2025-10-28T14:38:49.882990,
Black Clover,black-clover,350,11,11,success,2025-10-28T14:39:01.892055,
Black Clover,black-clover,351,15,15,success,2025-10-28T14:39:16.517914,
Black Clover,black-clover,352,8,8,success,2025-10-28T14:39:26.056253,
Black Clover,black-clover,353,14,14,success,2025-10-28T14:39:40.841845,
Black Clover,black-clover,354,15,15,success,2025-10-28T14:39:55.816760,
Black Clover,black-clover,355,14,14,success,2025-10-28T14:40:21.034355,
Black Clover,black-clover,356,13,13,success,2025-10-28T14:40:34.503063,
Black Clover,black-clover,357,14,14,success,2025-10-28T14:40:49.895831,
Black Clover,black-clover,358,13,13,success,2025-10-28T14:41:02.857728,
Black Clover,black-clover,359,14,14,success,2025-10-28T14:41:17.158532,
Black Clover,black-clover,360,13,13,success,2025-10-28T14:41:31.413070,
Black Clover,black-clover,361,11,11,success,2025-10-28T14:41:43.063292,
Black Clover,black-clover,362,14,14,success,2025-10-28T14:41:57.368156,
Black Clover,black-clover,363,8,8,success,2025-10-28T14:42:06.476531,
Black Clover,black-clover,364,10,10,success,2025-10-28T14:42:19.158051,
Black Clover,black-clover,365,13,13,success,2025-10-28T14:42:39.770112,
Black Clover,black-clover,366,12,12,success,2025-10-28T14:43:00.295933,
Black Clover,black-clover,367,11,11,success,2025-10-28T14:43:17.063148,
Black Clover,black-clover,368,15,15,success,2025-10-28T14:43:39.412458,
Black Clover,black-clover,369,23,23,success,2025-10-28T14:44:01.431792,
Black Clover,black-clover,370,35,35,success,2025-10-28T14:44:57.419197,
Black Clover,black-clover,371,25,25,success,2025-10-28T14:45:34.752346,
Black Clover,black-clover,372,23,23,success,2025-10-28T14:45:57.631912,
Black Clover,black-clover,373,25,25,success,2025-10-28T14:46:35.296275,
Black Clover,black-clover,374,21,21,success,2025-10-28T14:46:57.169365,
Black Clover,black-clover,375,18,18,success,2025-10-28T14:47:14.512190,
Black Clover,black-clover,376,15,15,success,2025-10-28T14:47:29.683324,
Black Clover,black-clover,377,21,21,success,2025-10-28T14:47:49.510420,
Black Clover,black-clover,378,19,19,success,2025-10-28T14:48:08.370885,
Black Clover,black-clover,379,27,27,success,2025-10-28T14:48:33.147113,
Black Clover,black-clover,380,21,21,success,2025-10-28T14:48:54.039357,
Black Clover,black-clover,381,22,22,success,2025-10-28T14:49:15.014443,
Black Clover,black-clover,382,19,19,success,2025-10-28T14:49:33.336780,
Black Clover,black-clover,383,19,19,success,2025-10-28T14:52:22.140331,
Demon Slayer,one-piece,3,21,21,success,2025-10-28T19:48:30.367544,
Demon Slayer,demon-slayer-kimetsu-no-yaiba,1,55,55,success,2025-10-28T19:53:26.835654,
Demon Slayer,demon-slayer-kimetsu-no-yaiba,2,25,25,success,2025-10-28T19:54:20.977860,
Demon Slayer,demon-slayer-kimetsu-no-yaiba,3,23,23,success,2025-10-28T19:55:48.208670,
Demon Slayer,demon-slayer-kimetsu-no-yaiba,4,19,19,success,2025-10-28T19:56:58.121587,
Demon Slayer,demon-slayer-kimetsu-no-yaiba,5,19,19,success,2025-10-28T19:57:54.417165,
Demon Slayer,demon-slayer-kimetsu-no-yaiba,6,19,19,success,2025-10-28T19:58:39.889220,
Demon Slayer,demon-slayer-kimetsu-no-yaiba,7,21,21,success,2025-10-28T19:59:43.760971,
Demon Slayer,demon-slayer-kimetsu-no-yaiba,8,20,20,success,2025-10-28T20:00:47.667949,
Demon Slayer,demon-slayer-kimetsu-no-yaiba,9,19,19,success,2025-10-28T20:01:46.110554,
Demon Slayer,demon-slayer-kimetsu-no-yaiba,10,19,19,success,2025-10-28T20:02:37.901692,
Demon Slayer,demon-slayer-kimetsu-no-yaiba,11,19,19,success,2025-10-28T20:03:42.971374,
Demon Slayer,demon-slayer-kimetsu-no-yaiba,12,19,19,success,2025-10-28T20:04:31.645356,
Demon Slayer,demon-slayer-kimetsu-no-yaiba,13,19,19,success,2025-10-28T20:05:29.131436,
Demon Slayer,demon-slayer-kimetsu-no-yaiba,14,19,19,success,2025-10-28T20:06:28.329516,
Demon Slayer,demon-slayer-kimetsu-no-yaiba,15,19,19,success,2025-10-28T20:07:08.529724,
Demon Slayer,demon-slayer-kimetsu-no-yaiba,16,23,23,success,2025-10-28T20:08:15.256695,
Demon Slayer,demon-slayer-kimetsu-no-yaiba,17,19,19,success,2025-10-28T20:09:00.060057,
Demon Slayer,demon-slayer-kimetsu-no-yaiba,18,19,19,success,2025-10-28T20:09:46.555578,
Demon Slayer,demon-slayer-kimetsu-no-yaiba,19,19,19,success,2025-10-28T20:10:33.857869,
Demon Slayer,demon-slayer-kimetsu-no-yaiba,20,19,19,success,2025-10-28T20:11:26.339363,
Demon Slayer,demon-slayer-kimetsu-no-yaiba,21,19,19,success,2025-10-28T20:12:10.946720,
Demon Slayer,demon-slayer-kimetsu-no-yaiba,22,21,21,success,2025-10-28T20:13:26.358382,
Demon Slayer,demon-slayer-kimetsu-no-yaiba,23,19,19,success,2025-10-28T20:14:17.827269,
Demon Slayer,demon-slayer-kimetsu-no-yaiba,24,19,19,success,2025-10-28T20:15:09.244868,
Demon Slayer,demon-slayer-kimetsu-no-yaiba,25,20,20,success,2025-10-28T20:16:09.262098,
Demon Slayer,demon-slayer-kimetsu-no-yaiba,26,19,19,success,2025-10-28T20:16:53.144560,
Demon Slayer,demon-slayer-kimetsu-no-yaiba,27,19,19,success,2025-10-28T20:17:56.579692,
Demon Slayer,demon-slayer-kimetsu-no-yaiba,28,19,19,success,2025-10-28T20:18:42.137990,
Demon Slayer,demon-slayer-kimetsu-no-yaiba,29,19,19,success,2025-10-28T20:19:48.058445,
Demon Slayer,demon-slayer-kimetsu-no-yaiba,30,19,19,success,2025-10-28T20:20:38.888405,
Demon Slayer,demon-slayer-kimetsu-no-yaiba,31,19,19,success,2025-10-28T20:21:38.147684,
Demon Slayer,demon-slayer-kimetsu-no-yaiba,32,19,19,success,2025-10-28T20:22:23.990826,
Demon Slayer,demon-slayer-kimetsu-no-yaiba,33,19,19,success,2025-10-28T20:23:06.073589,
Demon Slayer,demon-slayer-kimetsu-no-yaiba,34,18,19,partial,2025-10-28T20:24:57.160272,Downloaded 18/19
Demon Slayer,demon-slayer-kimetsu-no-yaiba,35,19,19,success,2025-10-28T20:25:43.722205,
Demon Slayer,demon-slayer-kimetsu-no-yaiba,36,19,19,success,2025-10-28T20:26:50.128057,
Demon Slayer,demon-slayer-kimetsu-no-yaiba,37,19,19,success,2025-10-28T20:27:42.766309,
Demon Slayer,demon-slayer-kimetsu-no-yaiba,38,19,19,success,2025-10-28T20:28:31.623192,
Demon Slayer,demon-slayer-kimetsu-no-yaiba,39,19,19,success,2025-10-28T20:29:31.888626,
Demon Slayer,demon-slayer-kimetsu-no-yaiba,40,19,19,success,2025-10-28T20:30:18.553266,
Demon Slayer,demon-slayer-kimetsu-no-yaiba,41,19,19,success,2025-10-28T20:31:11.121271,
Demon Slayer,demon-slayer-kimetsu-no-yaiba,42,21,21,success,2025-10-28T20:32:14.702428,
Demon Slayer,demon-slayer-kimetsu-no-yaiba,43,21,21,success,2025-10-28T20:33:04.944291,
Demon Slayer,demon-slayer-kimetsu-no-yaiba,44,22,22,success,2025-10-28T20:34:20.900314,
Demon Slayer,demon-slayer-kimetsu-no-yaiba,45,21,22,partial,2025-10-28T20:35:56.248357,Downloaded 21/22
Demon Slayer,demon-slayer-kimetsu-no-yaiba,46,18,19,partial,2025-10-28T20:36:51.008591,Downloaded 18/19
Demon Slayer,demon-slayer-kimetsu-no-yaiba,47,19,19,success,2025-10-28T20:37:33.131153,
Demon Slayer,demon-slayer-kimetsu-no-yaiba,48,19,19,success,2025-10-28T20:38:28.092904,
Demon Slayer,demon-slayer-kimetsu-no-yaiba,49,20,20,success,2025-10-28T20:39:25.758948,
Demon Slayer,demon-slayer-kimetsu-no-yaiba,50,20,21,partial,2025-10-28T20:40:34.826866,Downloaded 20/21
Demon Slayer,demon-slayer-kimetsu-no-yaiba,51,19,19,success,2025-10-28T20:41:24.340766,
Demon Slayer,demon-slayer-kimetsu-no-yaiba,52,19,19,success,2025-10-28T20:42:17.719182,
Demon Slayer,demon-slayer-kimetsu-no-yaiba,53,20,21,partial,2025-10-28T20:44:38.846178,Downloaded 20/21
Demon Slayer,demon-slayer-kimetsu-no-yaiba,54,19,19,success,2025-10-28T20:45:28.575904,
Demon Slayer,demon-slayer-kimetsu-no-yaiba,55,19,19,success,2025-10-28T20:46:29.969334,
Demon Slayer,demon-slayer-kimetsu-no-yaiba,56,19,19,success,2025-10-28T20:47:22.147094,
Demon Slayer,demon-slayer-kimetsu-no-yaiba,57,19,19,success,2025-10-28T20:48:06.437560,
Demon Slayer,demon-slayer-kimetsu-no-yaiba,58,19,19,success,2025-10-28T20:49:02.736013,
Demon Slayer,demon-slayer-kimetsu-no-yaiba,59,29,29,success,2025-10-28T20:50:28.408425,
Demon Slayer,demon-slayer-kimetsu-no-yaiba,60,19,19,success,2025-10-28T20:51:32.324756,
Demon Slayer,demon-slayer-kimetsu-no-yaiba,61,22,22,success,2025-10-28T20:52:50.421709,
Demon Slayer,demon-slayer-kimetsu-no-yaiba,62,19,19,success,2025-10-28T20:53:59.905959,
Demon Slayer,demon-slayer-kimetsu-no-yaiba,63,22,22,success,2025-10-28T20:55:40.482795,
Demon Slayer,demon-slayer-kimetsu-no-yaiba,64,18,18,success,2025-10-28T20:56:44.222861,
Demon Slayer,demon-slayer-kimetsu-no-yaiba,65,19,19,success,2025-10-28T20:58:23.419415,
Demon Slayer,demon-slayer-kimetsu-no-yaiba,66,21,21,success,2025-10-28T20:59:19.178690,
Demon Slayer,demon-slayer-kimetsu-no-yaiba,67,20,20,success,2025-10-28T21:00:09.583679,
Demon Slayer,demon-slayer-kimetsu-no-yaiba,68,19,19,success,2025-10-28T21:00:55.616625,
Demon Slayer,demon-slayer-kimetsu-no-yaiba,69,19,19,success,2025-10-28T21:01:48.263311,
Demon Slayer,demon-slayer-kimetsu-no-yaiba,70,19,19,success,2025-10-28T21:02:40.230625,
Demon Slayer,demon-slayer-kimetsu-no-yaiba,71,21,21,success,2025-10-28T21:03:30.061513,
Demon Slayer,demon-slayer-kimetsu-no-yaiba,72,19,19,success,2025-10-28T21:04:22.376892,
Demon Slayer,demon-slayer-kimetsu-no-yaiba,73,19,19,success,2025-10-28T21:05:12.659846,
Demon Slayer,demon-slayer-kimetsu-no-yaiba,74,19,19,success,2025-10-28T21:06:03.463623,
Demon Slayer,demon-slayer-kimetsu-no-yaiba,75,19,19,success,2025-10-28T21:06:58.133237,
Demon Slayer,demon-slayer-kimetsu-no-yaiba,76,0,0,failed,2025-10-28T21:07:23.823536,"('Connection aborted.', ConnectionResetError(10054, 'An existing connection was forcibly closed by the remote host', None, 10054, None))"
Demon Slayer,demon-slayer-kimetsu-no-yaiba,77,0,0,failed,2025-10-28T21:07:40.187370,"('Connection aborted.', ConnectionResetError(10054, 'An existing connection was forcibly closed by the remote host', None, 10054, None))"
Demon Slayer,demon-slayer-kimetsu-no-yaiba,78,19,19,success,2025-10-28T21:09:21.576134,
Demon Slayer,demon-slayer-kimetsu-no-yaiba,79,18,19,partial,2025-10-28T21:12:19.080642,Downloaded 18/19
Demon Slayer,demon-slayer-kimetsu-no-yaiba,80,38,38,success,2025-10-28T21:14:02.105964,
Demon Slayer,demon-slayer-kimetsu-no-yaiba,81,19,19,success,2025-10-28T21:15:06.950665,
Demon Slayer,demon-slayer-kimetsu-no-yaiba,82,19,19,success,2025-10-28T21:16:01.492403,
Demon Slayer,demon-slayer-kimetsu-no-yaiba,83,23,23,success,2025-10-28T21:17:12.001356,
Demon Slayer,demon-slayer-kimetsu-no-yaiba,84,19,19,success,2025-10-28T21:18:16.773952,
Demon Slayer,demon-slayer-kimetsu-no-yaiba,85,19,19,success,2025-10-28T21:19:09.801179,
Demon Slayer,demon-slayer-kimetsu-no-yaiba,86,19,19,success,2025-10-28T21:20:02.692377,
Demon Slayer,demon-slayer-kimetsu-no-yaiba,87,21,21,success,2025-10-28T21:22:01.019391,
Demon Slayer,demon-slayer-kimetsu-no-yaiba,88,0,0,failed,2025-10-28T21:22:08.480334,"('Connection aborted.', ConnectionResetError(10054, 'An existing connection was forcibly closed by the remote host', None, 10054, None))"
Demon Slayer,demon-slayer-kimetsu-no-yaiba,89,19,19,success,2025-10-28T21:22:57.706620,
Demon Slayer,demon-slayer-kimetsu-no-yaiba,90,20,20,success,2025-10-28T21:24:19.369116,
Demon Slayer,demon-slayer-kimetsu-no-yaiba,91,19,19,success,2025-10-28T21:25:20.012694,
Demon Slayer,demon-slayer-kimetsu-no-yaiba,92,22,22,success,2025-10-28T21:26:22.868141,
Demon Slayer,demon-slayer-kimetsu-no-yaiba,93,19,19,success,2025-10-28T21:27:17.540174,
Demon Slayer,demon-slayer-kimetsu-no-yaiba,94,19,19,success,2025-10-28T21:28:34.866735,
Demon Slayer,demon-slayer-kimetsu-no-yaiba,95,19,19,success,2025-10-28T21:29:20.628376,
Demon Slayer,demon-slayer-kimetsu-no-yaiba,96,19,19,success,2025-10-28T21:30:13.150022,
Demon Slayer,demon-slayer-kimetsu-no-yaiba,97,19,19,success,2025-10-28T21:31:14.357105,
Demon Slayer,demon-slayer-kimetsu-no-yaiba,98,19,19,success,2025-10-28T21:32:10.887373,
Demon Slayer,demon-slayer-kimetsu-no-yaiba,99,18,19,partial,2025-10-28T21:33:20.439281,Downloaded 18/19
Demon Slayer,demon-slayer-kimetsu-no-yaiba,100,22,22,success,2025-10-28T21:34:26.369791,
Demon Slayer,demon-slayer-kimetsu-no-yaiba,101,19,19,success,2025-10-28T21:35:00.628582,
Demon Slayer,demon-slayer-kimetsu-no-yaiba,102,19,19,success,2025-10-28T21:35:37.344046,
Demon Slayer,demon-slayer-kimetsu-no-yaiba,103,19,19,success,2025-10-28T21:36:04.139245,
Demon Slayer,demon-slayer-kimetsu-no-yaiba,104,19,19,success,2025-10-28T21:36:39.591020,
Demon Slayer,demon-slayer-kimetsu-no-yaiba,105,19,19,success,2025-10-28T21:37:07.273297,
Demon Slayer,demon-slayer-kimetsu-no-yaiba,106,21,21,success,2025-10-28T21:37:42.219213,
Demon Slayer,demon-slayer-kimetsu-no-yaiba,107,19,19,success,2025-10-28T21:38:40.131849,
Demon Slayer,demon-slayer-kimetsu-no-yaiba,108,20,20,success,2025-10-28T21:39:32.443529,
Demon Slayer,demon-slayer-kimetsu-no-yaiba,109,19,19,success,2025-10-28T21:40:17.599516,
Demon Slayer,demon-slayer-kimetsu-no-yaiba,110,19,19,success,2025-10-28T21:41:09.426749,
Demon Slayer,demon-slayer-kimetsu-no-yaiba,111,21,21,success,2025-10-28T21:42:13.404987,
Demon Slayer,demon-slayer-kimetsu-no-yaiba,112,23,23,success,2025-10-28T21:43:27.799667,
Demon Slayer,demon-slayer-kimetsu-no-yaiba,113,18,18,success,2025-10-28T21:44:39.482411,
Demon Slayer,demon-slayer-kimetsu-no-yaiba,114,19,19,success,2025-10-28T21:45:37.433448,
Demon Slayer,demon-slayer-kimetsu-no-yaiba,115,19,19,success,2025-10-28T21:46:44.984513,
Demon Slayer,demon-slayer-kimetsu-no-yaiba,116,19,19,success,2025-10-28T21:47:47.214983,
Demon Slayer,demon-slayer-kimetsu-no-yaiba,117,19,19,success,2025-10-28T21:48:52.896158,
Demon Slayer,demon-slayer-kimetsu-no-yaiba,118,19,19,success,2025-10-28T21:49:50.284410,
Demon Slayer,demon-slayer-kimetsu-no-yaiba,119,18,18,success,2025-10-28T21:50:44.122247,
Demon Slayer,demon-slayer-kimetsu-no-yaiba,120,19,19,success,2025-10-28T21:51:40.253816,
Demon Slayer,demon-slayer-kimetsu-no-yaiba,121,20,20,success,2025-10-28T21:52:28.268280,
Demon Slayer,demon-slayer-kimetsu-no-yaiba,122,21,21,success,2025-10-28T21:53:15.572212,
Demon Slayer,demon-slayer-kimetsu-no-yaiba,123,19,19,success,2025-10-28T21:54:01.715712,
